Resultados nacionales;;;;;;;;;;;;;;;;;;;;;;;;;;;;;;;;;;;;;;;;;;;;;;;;;;;;;;;;;;;;;;;;;;;;;;;;;;;;;;;;;;;;;;;;;;;;;;;;;;;;;;;;;;;;;;;;;;;;;;;;;;;;;;;;;;;;;;;;;;;;;;;;;;;;;;;;;;;;;;;;;;;;;;;;;;;;;;;;;;;;;;;;;;;;;;;;;;;;;;;;;;;;;;;;;;;;;;;;;;;;;;;;;;;;;;;;;;;;;;;;;;;;;;;;;;;;;;;;;;;;;;;;;;;;;;;;;;;;;;;;;;;;;;;;;;;;;;;;;;;;;;;;;;;;;;;;;;;;;;;;;;;;;;;;;;;;;;;;;;;;;;;;;;;;;;;;;;;;;;;;;;;;;;;;;;;;;;;;;;;;;;;;;;;;;;;;;;;;;;;;;;;;;;;;;;;;;;;;;;;;;;;;;;;;;;;;;;;;;;;;;;;;;;;;;;;;;;;;;;;;;;;;;;;;;;;;;;;;;;;;;;;;;;;;;;;;;;;;;;;;;;;;;;;;;;;;;;;;;;;;;;;;;;;;;;;;;;;;;;;;;;;;;;;;;;;;;;;;;;;;;;;;;;;;;;;;;;;;;;;;;;;;;;;;;;;;;;;;;;;;;;;;;;;;;;;;;;;;;;;;;;;;;;;;;;;;;;;;;;;;;;;;;;;;;;;;;;;;;;;;;;;;;;;;;;;;;;;;;;;;;;;;;;;;;;;;;;;;;;;;;;;;;;;;;;;;;;;;;;;;;;;;;;;;;;;;;;;;;;;;;;;;;;;;;;;;;;;;;;;;;;;;;;;;;;;;;;;;;;;;;;;;;;;;;;;;;;;;;;;;;;;;;;;;;;;;;;;;;;;;;;;;;;;;;;;;;;;;;;;;;;;;;;;;;;
Ocupados;;;;;;;;;;;;;;;;;;;;;;;;;;;;;;;;;;;;;;;;;;;;;;;;;;;;;;;;;;;;;;;;;;;;;;;;;;;;;;;;;;;;;;;;;;;;;;;;;;;;;;;;;;;;;;;;;;;;;;;;;;;;;;;;;;;;;;;;;;;;;;;;;;;;;;;;;;;;;;;;;;;;;;;;;;;;;;;;;;;;;;;;;;;;;;;;;;;;;;;;;;;;;;;;;;;;;;;;;;;;;;;;;;;;;;;;;;;;;;;;;;;;;;;;;;;;;;;;;;;;;;;;;;;;;;;;;;;;;;;;;;;;;;;;;;;;;;;;;;;;;;;;;;;;;;;;;;;;;;;;;;;;;;;;;;;;;;;;;;;;;;;;;;;;;;;;;;;;;;;;;;;;;;;;;;;;;;;;;;;;;;;;;;;;;;;;;;;;;;;;;;;;;;;;;;;;;;;;;;;;;;;;;;;;;;;;;;;;;;;;;;;;;;;;;;;;;;;;;;;;;;;;;;;;;;;;;;;;;;;;;;;;;;;;;;;;;;;;;;;;;;;;;;;;;;;;;;;;;;;;;;;;;;;;;;;;;;;;;;;;;;;;;;;;;;;;;;;;;;;;;;;;;;;;;;;;;;;;;;;;;;;;;;;;;;;;;;;;;;;;;;;;;;;;;;;;;;;;;;;;;;;;;;;;;;;;;;;;;;;;;;;;;;;;;;;;;;;;;;;;;;;;;;;;;;;;;;;;;;;;;;;;;;;;;;;;;;;;;;;;;;;;;;;;;;;;;;;;;;;;;;;;;;;;;;;;;;;;;;;;;;;;;;;;;;;;;;;;;;;;;;;;;;;;;;;;;;;;;;;;;;;;;;;;;;;;;;;;;;;;;;;;;;;;;;;;;;;;;;;;;;;;;;;;;;;;;;;;;;;;;;;;;;;;;;
;;;;;;;;;;;;;;;;;;;;;;;;;;;;;;;;;;;;;;;;;;;;;;;;;;;;;;;;;;;;;;;;;;;;;;;;;;;;;;;;;;;;;;;;;;;;;;;;;;;;;;;;;;;;;;;;;;;;;;;;;;;;;;;;;;;;;;;;;;;;;;;;;;;;;;;;;;;;;;;;;;;;;;;;;;;;;;;;;;;;;;;;;;;;;;;;;;;;;;;;;;;;;;;;;;;;;;;;;;;;;;;;;;;;;;;;;;;;;;;;;;;;;;;;;;;;;;;;;;;;;;;;;;;;;;;;;;;;;;;;;;;;;;;;;;;;;;;;;;;;;;;;;;;;;;;;;;;;;;;;;;;;;;;;;;;;;;;;;;;;;;;;;;;;;;;;;;;;;;;;;;;;;;;;;;;;;;;;;;;;;;;;;;;;;;;;;;;;;;;;;;;;;;;;;;;;;;;;;;;;;;;;;;;;;;;;;;;;;;;;;;;;;;;;;;;;;;;;;;;;;;;;;;;;;;;;;;;;;;;;;;;;;;;;;;;;;;;;;;;;;;;;;;;;;;;;;;;;;;;;;;;;;;;;;;;;;;;;;;;;;;;;;;;;;;;;;;;;;;;;;;;;;;;;;;;;;;;;;;;;;;;;;;;;;;;;;;;;;;;;;;;;;;;;;;;;;;;;;;;;;;;;;;;;;;;;;;;;;;;;;;;;;;;;;;;;;;;;;;;;;;;;;;;;;;;;;;;;;;;;;;;;;;;;;;;;;;;;;;;;;;;;;;;;;;;;;;;;;;;;;;;;;;;;;;;;;;;;;;;;;;;;;;;;;;;;;;;;;;;;;;;;;;;;;;;;;;;;;;;;;;;;;;;;;;;;;;;;;;;;;;;;;;;;;;;;;;;;;;;;;;;;;;;;;;;;;;;;;;;;;;;;;;;;;;
Ocupados por grupos de edad, sexo y tipo de sector (público o privado). ;;;;;;;;;;;;;;;;;;;;;;;;;;;;;;;;;;;;;;;;;;;;;;;;;;;;;;;;;;;;;;;;;;;;;;;;;;;;;;;;;;;;;;;;;;;;;;;;;;;;;;;;;;;;;;;;;;;;;;;;;;;;;;;;;;;;;;;;;;;;;;;;;;;;;;;;;;;;;;;;;;;;;;;;;;;;;;;;;;;;;;;;;;;;;;;;;;;;;;;;;;;;;;;;;;;;;;;;;;;;;;;;;;;;;;;;;;;;;;;;;;;;;;;;;;;;;;;;;;;;;;;;;;;;;;;;;;;;;;;;;;;;;;;;;;;;;;;;;;;;;;;;;;;;;;;;;;;;;;;;;;;;;;;;;;;;;;;;;;;;;;;;;;;;;;;;;;;;;;;;;;;;;;;;;;;;;;;;;;;;;;;;;;;;;;;;;;;;;;;;;;;;;;;;;;;;;;;;;;;;;;;;;;;;;;;;;;;;;;;;;;;;;;;;;;;;;;;;;;;;;;;;;;;;;;;;;;;;;;;;;;;;;;;;;;;;;;;;;;;;;;;;;;;;;;;;;;;;;;;;;;;;;;;;;;;;;;;;;;;;;;;;;;;;;;;;;;;;;;;;;;;;;;;;;;;;;;;;;;;;;;;;;;;;;;;;;;;;;;;;;;;;;;;;;;;;;;;;;;;;;;;;;;;;;;;;;;;;;;;;;;;;;;;;;;;;;;;;;;;;;;;;;;;;;;;;;;;;;;;;;;;;;;;;;;;;;;;;;;;;;;;;;;;;;;;;;;;;;;;;;;;;;;;;;;;;;;;;;;;;;;;;;;;;;;;;;;;;;;;;;;;;;;;;;;;;;;;;;;;;;;;;;;;;;;;;;;;;;;;;;;;;;;;;;;;;;;;;;;;;;;;;;;;;;;;;;;;;;;;;;;;;;;;;;;
Unidades: Miles Personas;;;;;;;;;;;;;;;;;;;;;;;;;;;;;;;;;;;;;;;;;;;;;;;;;;;;;;;;;;;;;;;;;;;;;;;;;;;;;;;;;;;;;;;;;;;;;;;;;;;;;;;;;;;;;;;;;;;;;;;;;;;;;;;;;;;;;;;;;;;;;;;;;;;;;;;;;;;;;;;;;;;;;;;;;;;;;;;;;;;;;;;;;;;;;;;;;;;;;;;;;;;;;;;;;;;;;;;;;;;;;;;;;;;;;;;;;;;;;;;;;;;;;;;;;;;;;;;;;;;;;;;;;;;;;;;;;;;;;;;;;;;;;;;;;;;;;;;;;;;;;;;;;;;;;;;;;;;;;;;;;;;;;;;;;;;;;;;;;;;;;;;;;;;;;;;;;;;;;;;;;;;;;;;;;;;;;;;;;;;;;;;;;;;;;;;;;;;;;;;;;;;;;;;;;;;;;;;;;;;;;;;;;;;;;;;;;;;;;;;;;;;;;;;;;;;;;;;;;;;;;;;;;;;;;;;;;;;;;;;;;;;;;;;;;;;;;;;;;;;;;;;;;;;;;;;;;;;;;;;;;;;;;;;;;;;;;;;;;;;;;;;;;;;;;;;;;;;;;;;;;;;;;;;;;;;;;;;;;;;;;;;;;;;;;;;;;;;;;;;;;;;;;;;;;;;;;;;;;;;;;;;;;;;;;;;;;;;;;;;;;;;;;;;;;;;;;;;;;;;;;;;;;;;;;;;;;;;;;;;;;;;;;;;;;;;;;;;;;;;;;;;;;;;;;;;;;;;;;;;;;;;;;;;;;;;;;;;;;;;;;;;;;;;;;;;;;;;;;;;;;;;;;;;;;;;;;;;;;;;;;;;;;;;;;;;;;;;;;;;;;;;;;;;;;;;;;;;;;;;;;;;;;;;;;;;;;;;;;;;;;;;;;;;;;;
;;;;;;;;;;;;;;;;;;;;;;;;;;;;;;;;;;;;;;;;;;;;;;;;;;;;;;;;;;;;;;;;;;;;;;;;;;;;;;;;;;;;;;;;;;;;;;;;;;;;;;;;;;;;;;;;;;;;;;;;;;;;;;;;;;;;;;;;;;;;;;;;;;;;;;;;;;;;;;;;;;;;;;;;;;;;;;;;;;;;;;;;;;;;;;;;;;;;;;;;;;;;;;;;;;;;;;;;;;;;;;;;;;;;;;;;;;;;;;;;;;;;;;;;;;;;;;;;;;;;;;;;;;;;;;;;;;;;;;;;;;;;;;;;;;;;;;;;;;;;;;;;;;;;;;;;;;;;;;;;;;;;;;;;;;;;;;;;;;;;;;;;;;;;;;;;;;;;;;;;;;;;;;;;;;;;;;;;;;;;;;;;;;;;;;;;;;;;;;;;;;;;;;;;;;;;;;;;;;;;;;;;;;;;;;;;;;;;;;;;;;;;;;;;;;;;;;;;;;;;;;;;;;;;;;;;;;;;;;;;;;;;;;;;;;;;;;;;;;;;;;;;;;;;;;;;;;;;;;;;;;;;;;;;;;;;;;;;;;;;;;;;;;;;;;;;;;;;;;;;;;;;;;;;;;;;;;;;;;;;;;;;;;;;;;;;;;;;;;;;;;;;;;;;;;;;;;;;;;;;;;;;;;;;;;;;;;;;;;;;;;;;;;;;;;;;;;;;;;;;;;;;;;;;;;;;;;;;;;;;;;;;;;;;;;;;;;;;;;;;;;;;;;;;;;;;;;;;;;;;;;;;;;;;;;;;;;;;;;;;;;;;;;;;;;;;;;;;;;;;;;;;;;;;;;;;;;;;;;;;;;;;;;;;;;;;;;;;;;;;;;;;;;;;;;;;;;;;;;;;;;;;;;;;;;;;;;;;;;;;;;;;;;;;;;
 ;Total;;;;;;;;;;;;;;;;;;;;;;;;;;;;;;;;;;;;;;;;;;;;;;;;;;;;;;;;;;;;;;;;;;;;;;;;;;;;;;;;;;;;;De 16 a 19 años;;;;;;;;;;;;;;;;;;;;;;;;;;;;;;;;;;;;;;;;;;;;;;;;;;;;;;;;;;;;;;;;;;;;;;;;;;;;;;;;;;;;;De 20 a 24 años;;;;;;;;;;;;;;;;;;;;;;;;;;;;;;;;;;;;;;;;;;;;;;;;;;;;;;;;;;;;;;;;;;;;;;;;;;;;;;;;;;;;;De 25 a 29 años;;;;;;;;;;;;;;;;;;;;;;;;;;;;;;;;;;;;;;;;;;;;;;;;;;;;;;;;;;;;;;;;;;;;;;;;;;;;;;;;;;;;;De 30 a 39 años;;;;;;;;;;;;;;;;;;;;;;;;;;;;;;;;;;;;;;;;;;;;;;;;;;;;;;;;;;;;;;;;;;;;;;;;;;;;;;;;;;;;;De 40 a 49 años;;;;;;;;;;;;;;;;;;;;;;;;;;;;;;;;;;;;;;;;;;;;;;;;;;;;;;;;;;;;;;;;;;;;;;;;;;;;;;;;;;;;;De 50 a 59 años;;;;;;;;;;;;;;;;;;;;;;;;;;;;;;;;;;;;;;;;;;;;;;;;;;;;;;;;;;;;;;;;;;;;;;;;;;;;;;;;;;;;;De 60 a 64 años;;;;;;;;;;;;;;;;;;;;;;;;;;;;;;;;;;;;;;;;;;;;;;;;;;;;;;;;;;;;;;;;;;;;;;;;;;;;;;;;;;;;;De 65 a 69 años;;;;;;;;;;;;;;;;;;;;;;;;;;;;;;;;;;;;;;;;;;;;;;;;;;;;;;;;;;;;;;;;;;;;;;;;;;;;;;;;;;;;;70 y más años;;;;;;;;;;;;;;;;;;;;;;;;;;;;;;;;;;;;;;;;;;;;;;;;;;;;;;;;;;;;;;;;;;;;;;;;;;;;;;;;;;;;
 ;2023T1;2022T4;2022T3;2022T2;2022T1;2021T4;2021T3;2021T2;2021T1;2020T4;2020T3;2020T2;2020T1;2019T4;2019T3;2019T2;2019T1;2018T4;2018T3;2018T2;2018T1;2017T4;2017T3;2017T2;2017T1;2016T4;2016T3;2016T2;2016T1;2015T4;2015T3;2015T2;2015T1;2014T4;2014T3;2014T2;2014T1;2013T4;2013T3;2013T2;2013T1;2012T4;2012T3;2012T2;2012T1;2011T4;2011T3;2011T2;2011T1;2010T4;2010T3;2010T2;2010T1;2009T4;2009T3;2009T2;2009T1;2008T4;2008T3;2008T2;2008T1;2007T4;2007T3;2007T2;2007T1;2006T4;2006T3;2006T2;2006T1;2005T4;2005T3;2005T2;2005T1;2004T4;2004T3;2004T2;2004T1;2003T4;2003T3;2003T2;2003T1;2002T4;2002T3;2002T2;2002T1;2023T1;2022T4;2022T3;2022T2;2022T1;2021T4;2021T3;2021T2;2021T1;2020T4;2020T3;2020T2;2020T1;2019T4;2019T3;2019T2;2019T1;2018T4;2018T3;2018T2;2018T1;2017T4;2017T3;2017T2;2017T1;2016T4;2016T3;2016T2;2016T1;2015T4;2015T3;2015T2;2015T1;2014T4;2014T3;2014T2;2014T1;2013T4;2013T3;2013T2;2013T1;2012T4;2012T3;2012T2;2012T1;2011T4;2011T3;2011T2;2011T1;2010T4;2010T3;2010T2;2010T1;2009T4;2009T3;2009T2;2009T1;2008T4;2008T3;2008T2;2008T1;2007T4;2007T3;2007T2;2007T1;2006T4;2006T3;2006T2;2006T1;2005T4;2005T3;2005T2;2005T1;2004T4;2004T3;2004T2;2004T1;2003T4;2003T3;2003T2;2003T1;2002T4;2002T3;2002T2;2002T1;2023T1;2022T4;2022T3;2022T2;2022T1;2021T4;2021T3;2021T2;2021T1;2020T4;2020T3;2020T2;2020T1;2019T4;2019T3;2019T2;2019T1;2018T4;2018T3;2018T2;2018T1;2017T4;2017T3;2017T2;2017T1;2016T4;2016T3;2016T2;2016T1;2015T4;2015T3;2015T2;2015T1;2014T4;2014T3;2014T2;2014T1;2013T4;2013T3;2013T2;2013T1;2012T4;2012T3;2012T2;2012T1;2011T4;2011T3;2011T2;2011T1;2010T4;2010T3;2010T2;2010T1;2009T4;2009T3;2009T2;2009T1;2008T4;2008T3;2008T2;2008T1;2007T4;2007T3;2007T2;2007T1;2006T4;2006T3;2006T2;2006T1;2005T4;2005T3;2005T2;2005T1;2004T4;2004T3;2004T2;2004T1;2003T4;2003T3;2003T2;2003T1;2002T4;2002T3;2002T2;2002T1;2023T1;2022T4;2022T3;2022T2;2022T1;2021T4;2021T3;2021T2;2021T1;2020T4;2020T3;2020T2;2020T1;2019T4;2019T3;2019T2;2019T1;2018T4;2018T3;2018T2;2018T1;2017T4;2017T3;2017T2;2017T1;2016T4;2016T3;2016T2;2016T1;2015T4;2015T3;2015T2;2015T1;2014T4;2014T3;2014T2;2014T1;2013T4;2013T3;2013T2;2013T1;2012T4;2012T3;2012T2;2012T1;2011T4;2011T3;2011T2;2011T1;2010T4;2010T3;2010T2;2010T1;2009T4;2009T3;2009T2;2009T1;2008T4;2008T3;2008T2;2008T1;2007T4;2007T3;2007T2;2007T1;2006T4;2006T3;2006T2;2006T1;2005T4;2005T3;2005T2;2005T1;2004T4;2004T3;2004T2;2004T1;2003T4;2003T3;2003T2;2003T1;2002T4;2002T3;2002T2;2002T1;2023T1;2022T4;2022T3;2022T2;2022T1;2021T4;2021T3;2021T2;2021T1;2020T4;2020T3;2020T2;2020T1;2019T4;2019T3;2019T2;2019T1;2018T4;2018T3;2018T2;2018T1;2017T4;2017T3;2017T2;2017T1;2016T4;2016T3;2016T2;2016T1;2015T4;2015T3;2015T2;2015T1;2014T4;2014T3;2014T2;2014T1;2013T4;2013T3;2013T2;2013T1;2012T4;2012T3;2012T2;2012T1;2011T4;2011T3;2011T2;2011T1;2010T4;2010T3;2010T2;2010T1;2009T4;2009T3;2009T2;2009T1;2008T4;2008T3;2008T2;2008T1;2007T4;2007T3;2007T2;2007T1;2006T4;2006T3;2006T2;2006T1;2005T4;2005T3;2005T2;2005T1;2004T4;2004T3;2004T2;2004T1;2003T4;2003T3;2003T2;2003T1;2002T4;2002T3;2002T2;2002T1;2023T1;2022T4;2022T3;2022T2;2022T1;2021T4;2021T3;2021T2;2021T1;2020T4;2020T3;2020T2;2020T1;2019T4;2019T3;2019T2;2019T1;2018T4;2018T3;2018T2;2018T1;2017T4;2017T3;2017T2;2017T1;2016T4;2016T3;2016T2;2016T1;2015T4;2015T3;2015T2;2015T1;2014T4;2014T3;2014T2;2014T1;2013T4;2013T3;2013T2;2013T1;2012T4;2012T3;2012T2;2012T1;2011T4;2011T3;2011T2;2011T1;2010T4;2010T3;2010T2;2010T1;2009T4;2009T3;2009T2;2009T1;2008T4;2008T3;2008T2;2008T1;2007T4;2007T3;2007T2;2007T1;2006T4;2006T3;2006T2;2006T1;2005T4;2005T3;2005T2;2005T1;2004T4;2004T3;2004T2;2004T1;2003T4;2003T3;2003T2;2003T1;2002T4;2002T3;2002T2;2002T1;2023T1;2022T4;2022T3;2022T2;2022T1;2021T4;2021T3;2021T2;2021T1;2020T4;2020T3;2020T2;2020T1;2019T4;2019T3;2019T2;2019T1;2018T4;2018T3;2018T2;2018T1;2017T4;2017T3;2017T2;2017T1;2016T4;2016T3;2016T2;2016T1;2015T4;2015T3;2015T2;2015T1;2014T4;2014T3;2014T2;2014T1;2013T4;2013T3;2013T2;2013T1;2012T4;2012T3;2012T2;2012T1;2011T4;2011T3;2011T2;2011T1;2010T4;2010T3;2010T2;2010T1;2009T4;2009T3;2009T2;2009T1;2008T4;2008T3;2008T2;2008T1;2007T4;2007T3;2007T2;2007T1;2006T4;2006T3;2006T2;2006T1;2005T4;2005T3;2005T2;2005T1;2004T4;2004T3;2004T2;2004T1;2003T4;2003T3;2003T2;2003T1;2002T4;2002T3;2002T2;2002T1;2023T1;2022T4;2022T3;2022T2;2022T1;2021T4;2021T3;2021T2;2021T1;2020T4;2020T3;2020T2;2020T1;2019T4;2019T3;2019T2;2019T1;2018T4;2018T3;2018T2;2018T1;2017T4;2017T3;2017T2;2017T1;2016T4;2016T3;2016T2;2016T1;2015T4;2015T3;2015T2;2015T1;2014T4;2014T3;2014T2;2014T1;2013T4;2013T3;2013T2;2013T1;2012T4;2012T3;2012T2;2012T1;2011T4;2011T3;2011T2;2011T1;2010T4;2010T3;2010T2;2010T1;2009T4;2009T3;2009T2;2009T1;2008T4;2008T3;2008T2;2008T1;2007T4;2007T3;2007T2;2007T1;2006T4;2006T3;2006T2;2006T1;2005T4;2005T3;2005T2;2005T1;2004T4;2004T3;2004T2;2004T1;2003T4;2003T3;2003T2;2003T1;2002T4;2002T3;2002T2;2002T1;2023T1;2022T4;2022T3;2022T2;2022T1;2021T4;2021T3;2021T2;2021T1;2020T4;2020T3;2020T2;2020T1;2019T4;2019T3;2019T2;2019T1;2018T4;2018T3;2018T2;2018T1;2017T4;2017T3;2017T2;2017T1;2016T4;2016T3;2016T2;2016T1;2015T4;2015T3;2015T2;2015T1;2014T4;2014T3;2014T2;2014T1;2013T4;2013T3;2013T2;2013T1;2012T4;2012T3;2012T2;2012T1;2011T4;2011T3;2011T2;2011T1;2010T4;2010T3;2010T2;2010T1;2009T4;2009T3;2009T2;2009T1;2008T4;2008T3;2008T2;2008T1;2007T4;2007T3;2007T2;2007T1;2006T4;2006T3;2006T2;2006T1;2005T4;2005T3;2005T2;2005T1;2004T4;2004T3;2004T2;2004T1;2003T4;2003T3;2003T2;2003T1;2002T4;2002T3;2002T2;2002T1;2023T1;2022T4;2022T3;2022T2;2022T1;2021T4;2021T3;2021T2;2021T1;2020T4;2020T3;2020T2;2020T1;2019T4;2019T3;2019T2;2019T1;2018T4;2018T3;2018T2;2018T1;2017T4;2017T3;2017T2;2017T1;2016T4;2016T3;2016T2;2016T1;2015T4;2015T3;2015T2;2015T1;2014T4;2014T3;2014T2;2014T1;2013T4;2013T3;2013T2;2013T1;2012T4;2012T3;2012T2;2012T1;2011T4;2011T3;2011T2;2011T1;2010T4;2010T3;2010T2;2010T1;2009T4;2009T3;2009T2;2009T1;2008T4;2008T3;2008T2;2008T1;2007T4;2007T3;2007T2;2007T1;2006T4;2006T3;2006T2;2006T1;2005T4;2005T3;2005T2;2005T1;2004T4;2004T3;2004T2;2004T1;2003T4;2003T3;2003T2;2003T1;2002T4;2002T3;2002T2;2002T1
        Ambos sexos;;;;;;;;;;;;;;;;;;;;;;;;;;;;;;;;;;;;;;;;;;;;;;;;;;;;;;;;;;;;;;;;;;;;;;;;;;;;;;;;;;;;;;;;;;;;;;;;;;;;;;;;;;;;;;;;;;;;;;;;;;;;;;;;;;;;;;;;;;;;;;;;;;;;;;;;;;;;;;;;;;;;;;;;;;;;;;;;;;;;;;;;;;;;;;;;;;;;;;;;;;;;;;;;;;;;;;;;;;;;;;;;;;;;;;;;;;;;;;;;;;;;;;;;;;;;;;;;;;;;;;;;;;;;;;;;;;;;;;;;;;;;;;;;;;;;;;;;;;;;;;;;;;;;;;;;;;;;;;;;;;;;;;;;;;;;;;;;;;;;;;;;;;;;;;;;;;;;;;;;;;;;;;;;;;;;;;;;;;;;;;;;;;;;;;;;;;;;;;;;;;;;;;;;;;;;;;;;;;;;;;;;;;;;;;;;;;;;;;;;;;;;;;;;;;;;;;;;;;;;;;;;;;;;;;;;;;;;;;;;;;;;;;;;;;;;;;;;;;;;;;;;;;;;;;;;;;;;;;;;;;;;;;;;;;;;;;;;;;;;;;;;;;;;;;;;;;;;;;;;;;;;;;;;;;;;;;;;;;;;;;;;;;;;;;;;;;;;;;;;;;;;;;;;;;;;;;;;;;;;;;;;;;;;;;;;;;;;;;;;;;;;;;;;;;;;;;;;;;;;;;;;;;;;;;;;;;;;;;;;;;;;;;;;;;;;;;;;;;;;;;;;;;;;;;;;;;;;;;;;;;;;;;;;;;;;;;;;;;;;;;;;;;;;;;;;;;;;;;;;;;;;;;;;;;;;;;;;;;;;;;;;;;;;;;;;;;;;;;;;;;;;;;;;;;;;;;;;;;;;;;;;;;;;;;;;;;;;;;;;;;;;;;;;;;
            Total;20.452,8;20.463,9;20.545,7;20.468,0;20.084,7;20.184,9;20.031,0;19.671,7;19.206,8;19.344,3;19.176,9;18.607,2;19.681,3;19.966,9;19.874,3;19.804,9;19.471,1;19.564,6;19.528,0;19.344,1;18.874,2;18.998,4;19.049,2;18.813,3;18.438,3;18.508,1;18.527,5;18.301,0;18.029,6;18.094,2;18.048,7;17.866,5;17.454,8;17.569,1;17.504,0;17.353,0;16.950,6;17.135,2;17.230,0;17.160,6;17.030,2;17.339,4;17.667,7;17.758,5;17.765,1;18.153,0;18.484,5;18.622,0;18.426,2;18.674,9;18.819,0;18.751,1;18.652,9;18.890,4;19.098,4;19.154,2;19.284,4;20.055,3;20.556,4;20.646,9;20.620,0;20.717,9;20.753,4;20.580,9;20.267,5;20.195,4;20.091,0;19.891,6;19.578,4;19.509,2;19.422,1;19.160,6;18.736,1;18.490,8;18.289,1;18.018,9;17.770,2;17.740,5;17.646,0;17.423,2;17.092,7;16.991,9;16.919,3;16.766,9;16.482,3;137,3;153,4;181,9;151,8;142,0;122,9;184,5;117,3;80,7;86,9;118,3;90,4;129,9;146,5;178,6;149,7;127,0;136,1;165,5;130,8;103,7;118,5;147,8;111,0;94,5;96,9;121,2;84,8;80,4;79,6;105,8;78,3;71,6;81,8;91,6;72,0;72,1;65,1;89,9;75,8;66,6;68,7;94,8;86,7;85,8;92,8;156,2;132,3;115,0;125,1;164,0;157,8;158,9;163,3;228,4;207,8;218,0;269,5;371,3;323,6;352,3;363,8;452,1;402,2;371,5;364,2;452,7;375,4;353,9;375,2;434,9;381,5;349,2;340,2;374,0;318,3;312,3;328,7;360,9;326,8;313,5;340,0;377,5;348,0;364,0;968,1;968,6;1.019,3;1.022,3;919,9;898,7;973,9;841,5;761,9;766,9;798,0;687,6;857,5;907,4;954,0;872,1;819,2;860,7;908,0;853,5;798,9;813,2;883,0;782,0;734,4;719,6;775,1;712,8;690,7;719,7;773,4;713,3;669,0;675,2;696,7;669,8;635,0;680,3;724,7;675,2;675,6;710,3;810,7;770,3;783,9;863,3;947,3;920,9;939,0;1.009,7;1.104,5;1.057,3;1.064,6;1.129,6;1.191,7;1.192,7;1.257,2;1.416,8;1.564,9;1.529,5;1.519,4;1.594,4;1.670,4;1.607,8;1.592,9;1.646,4;1.685,5;1.660,3;1.628,4;1.638,9;1.710,6;1.633,2;1.584,2;1.539,4;1.586,1;1.547,3;1.538,2;1.542,8;1.612,6;1.572,7;1.539,1;1.543,1;1.600,8;1.573,4;1.545,1;1.765,5;1.753,1;1.744,2;1.797,9;1.711,2;1.713,6;1.683,7;1.659,4;1.586,4;1.629,6;1.563,8;1.501,9;1.682,9;1.718,3;1.712,8;1.700,0;1.675,8;1.695,3;1.695,0;1.672,4;1.629,3;1.645,5;1.641,3;1.635,8;1.581,6;1.612,5;1.636,6;1.584,9;1.536,2;1.574,4;1.584,4;1.583,0;1.568,8;1.609,0;1.649,2;1.632,5;1.576,5;1.613,9;1.662,5;1.618,0;1.617,7;1.683,1;1.757,8;1.814,4;1.829,6;1.939,0;2.002,8;2.040,7;2.012,4;2.096,2;2.156,7;2.187,4;2.203,7;2.273,6;2.323,0;2.392,0;2.437,9;2.590,0;2.686,1;2.774,9;2.808,5;2.862,0;2.905,1;2.925,3;2.888,0;2.894,5;2.903,9;2.877,9;2.839,0;2.865,1;2.867,8;2.830,2;2.833,1;2.819,7;2.784,3;2.752,3;2.706,2;2.719,8;2.706,0;2.664,2;2.603,5;2.578,6;2.579,5;2.546,1;2.508,6;4.451,7;4.457,0;4.477,5;4.462,9;4.425,0;4.484,2;4.460,6;4.417,1;4.359,4;4.410,4;4.404,7;4.269,3;4.612,3;4.733,7;4.761,2;4.830,1;4.807,9;4.825,1;4.827,6;4.891,3;4.793,2;4.886,7;4.945,0;4.956,7;4.943,9;4.991,4;5.041,5;5.066,6;5.048,1;5.114,6;5.171,3;5.147,2;5.064,7;5.148,5;5.151,5;5.198,1;5.092,4;5.156,3;5.185,8;5.247,9;5.234,8;5.316,3;5.419,2;5.489,0;5.496,6;5.612,9;5.708,0;5.802,7;5.760,6;5.836,6;5.827,8;5.845,2;5.784,6;5.845,9;5.906,6;5.936,2;5.944,8;6.167,5;6.281,2;6.332,3;6.355,3;6.368,3;6.271,7;6.246,0;6.142,6;6.138,2;6.025,1;6.000,1;5.934,3;5.869,8;5.807,0;5.762,4;5.623,9;5.579,6;5.490,8;5.441,9;5.333,1;5.336,2;5.256,9;5.228,6;5.135,4;5.109,8;5.047,4;5.030,3;4.911,7;6.086,0;6.153,8;6.146,1;6.147,9;6.112,0;6.165,6;6.093,2;6.081,1;5.965,6;6.000,7;5.929,0;5.829,7;6.047,0;6.133,8;6.070,7;6.104,3;6.009,2;6.054,0;6.005,6;5.963,1;5.876,5;5.851,0;5.810,0;5.774,7;5.647,7;5.696,3;5.621,8;5.596,1;5.489,4;5.458,6;5.400,0;5.370,9;5.218,8;5.237,6;5.208,8;5.138,5;5.023,8;5.082,9;5.037,0;5.033,7;4.970,9;5.050,4;5.050,8;5.066,0;5.084,1;5.114,6;5.143,8;5.184,2;5.138,2;5.177,5;5.153,7;5.148,7;5.126,6;5.159,9;5.167,2;5.132,4;5.140,2;5.249,3;5.300,6;5.330,0;5.294,5;5.268,0;5.240,6;5.248,2;5.191,2;5.106,8;5.040,0;4.997,8;4.902,8;4.872,7;4.786,1;4.770,0;4.610,4;4.592,8;4.498,7;4.425,7;4.395,0;4.360,4;4.308,6;4.251,5;4.177,7;4.138,0;4.085,4;4.060,2;3.982,1;5.230,6;5.184,5;5.168,6;5.130,0;5.046,7;5.088,2;4.977,0;4.918,1;4.868,1;4.880,9;4.831,9;4.755,7;4.860,1;4.881,5;4.797,5;4.775,2;4.707,8;4.683,3;4.636,5;4.570,9;4.467,3;4.468,1;4.406,8;4.361,5;4.293,6;4.272,2;4.215,0;4.135,2;4.094,0;4.056,2;3.964,0;3.949,7;3.874,9;3.831,9;3.730,7;3.695,3;3.640,1;3.631,4;3.626,8;3.609,7;3.579,5;3.582,3;3.583,0;3.579,0;3.556,8;3.570,0;3.574,9;3.594,9;3.521,5;3.499,9;3.483,0;3.427,4;3.386,1;3.391,8;3.359,7;3.345,6;3.342,5;3.397,9;3.390,1;3.402,3;3.362,8;3.342,8;3.311,5;3.264,8;3.209,5;3.183,2;3.116,7;3.100,8;3.055,6;3.043,3;2.987,1;2.975,4;2.932,5;2.864,4;2.814,7;2.807,3;2.779,4;2.751,8;2.711,7;2.686,8;2.650,6;2.638,5;2.587,0;2.569,9;2.539,0;1.496,8;1.478,2;1.491,5;1.457,0;1.425,0;1.411,7;1.381,5;1.358,6;1.317,8;1.301,9;1.280,7;1.243,1;1.259,5;1.227,4;1.178,8;1.161,6;1.129,3;1.111,3;1.092,4;1.074,0;1.023,9;1.037,3;1.034,3;1.014,1;974,2;955,1;956,5;958,0;942,0;929,1;898,8;880,8;848,9;849,7;833,4;816,9;783,6;775,4;768,1;758,1;742,5;772,7;790,4;796,0;778,8;799,8;804,9;800,1;791,1;775,9;779,3;774,9;781,8;768,0;775,8;803,4;794,7;808,5;805,2;801,1;780,3;770,3;754,6;753,8;728,1;724,1;715,6;722,4;723,6;697,2;692,8;674,0;663,4;647,1;630,8;611,1;597,5;594,5;581,8;580,8;564,2;544,6;537,9;535,3;522,8;257,0;253,7;257,2;238,6;235,4;228,7;218,4;228,9;220,8;220,1;202,2;177,1;171,6;163,2;165,8;156,3;142,2;147,1;150,4;143,9;136,0;136,0;138,9;135,4;128,5;128,3;126,2;126,1;114,8;125,8;117,6;110,4;108,4;103,0;108,5;98,9;96,6;100,8;102,8;105,9;108,8;119,8;117,8;113,3;109,0;118,2;104,2;107,4;105,5;111,2;109,3;110,4;107,8;116,2;109,8;107,6;108,8;115,6;112,2;112,9;106,1;98,8;101,0;89,1;94,0;94,2;101,4;104,4;91,9;93,3;88,2;86,7;86,9;72,5;75,6;83,2;80,3;76,9;75,3;78,1;80,8;70,1;75,5;77,6;83,6;59,7;61,5;59,4;59,7;67,6;71,4;58,2;49,7;46,1;47,1;48,2;52,7;60,5;55,1;54,9;55,5;52,6;51,6;47,0;44,1;45,4;42,0;42,1;42,1;39,9;35,9;33,8;36,5;34,0;36,1;33,4;32,9;29,6;32,4;33,6;31,1;30,4;29,2;32,4;36,2;33,8;35,8;43,2;43,8;40,6;42,4;42,4;38,8;42,9;42,8;40,7;42,0;38,7;42,1;36,1;36,6;40,3;40,2;44,8;40,2;40,7;49,5;46,4;43,6;49,8;43,8;49,9;52,5;48,9;53,7;47,6;47,2;52,3;35,1;34,1;31,8;28,3;29,2;32,1;33,7;27,9;29,1;28,3;26,2;25,4
            Empleo público;3.523,9;3.526,2;3.506,2;3.453,9;3.468,2;3.475,5;3.484,0;3.439,6;3.397,4;3.379,1;3.337,1;3.225,9;3.248,0;3.253,3;3.228,7;3.194,5;3.213,6;3.211,0;3.167,5;3.117,8;3.105,8;3.074,7;3.062,1;3.003,8;2.973,8;2.986,1;3.003,9;2.995,0;3.018,3;3.000,7;2.986,4;2.956,3;2.956,7;2.927,5;2.925,6;2.929,5;2.920,5;2.909,4;2.943,2;2.945,0;2.951,7;3.021,1;3.087,3;3.140,5;3.200,5;3.234,7;3.306,6;3.299,3;3.267,5;3.250,3;3.259,2;3.168,4;3.160,5;3.127,6;3.164,7;3.106,1;3.077,4;3.081,6;3.040,9;2.983,5;2.920,7;2.969,5;2.990,3;2.932,0;2.986,8;2.959,2;2.944,8;2.902,7;2.919,4;2.916,4;2.960,6;2.897,4;2.893,9;2.918,6;2.877,7;2.791,2;2.777,1;2.764,8;2.766,3;2.728,7;2.684,2;2.672,7;2.649,0;2.586,6;2.569,0;8,9;4,6;9,9;10,0;6,4;4,3;7,4;4,7;4,3;6,0;4,4;2,4;3,8;2,6;7,0;3,1;3,1;4,3;5,2;5,0;5,1;4,7;5,5;3,3;2,4;4,0;4,6;2,6;3,4;1,3;1,8;1,7;3,2;3,3;2,6;2,3;2,3;2,3;2,4;2,8;3,5;3,2;3,2;3,0;3,4;6,2;11,7;7,8;8,5;5,9;11,1;9,4;12,2;11,3;20,3;16,1;17,3;16,5;16,3;12,6;16,5;14,0;19,7;15,3;16,3;15,7;14,2;16,4;11,5;12,3;18,0;11,8;12,9;11,4;13,8;14,2;14,1;16,3;17,0;13,9;14,0;15,6;17,3;16,1;16,2;74,7;87,1;64,3;55,3;64,6;60,7;83,7;63,7;59,5;53,9;67,4;52,1;54,3;55,6;64,4;55,8;56,0;46,6;60,7;42,5;37,3;41,1;50,1;35,6;37,3;30,0;35,2;32,2;28,0;34,9;43,5;39,2;40,1;34,9;40,1;35,2;32,5;36,6;38,4;36,6;40,1;46,7;66,8;62,0;69,0;78,3;92,0;79,0;77,0;89,8;113,9;97,7;91,2;96,1;106,7;95,9;96,0;107,3;109,2;84,8;84,8;88,5;103,6;85,4;97,9;93,5;97,2;90,8;84,3;91,1;106,9;96,1;92,6;104,3;114,3;97,0;91,0;95,6;104,4;96,1;93,0;83,1;87,6;83,1;83,9;220,4;206,5;202,1;237,1;225,1;216,5;206,1;194,0;187,3;186,5;176,7;165,1;177,2;178,3;171,5;168,8;171,1;178,9;145,3;134,2;148,0;147,6;144,2;143,7;147,5;139,7;147,6;135,2;138,9;140,2;138,4;140,2;149,3;139,5;156,5;143,0;154,2;166,0;180,6;170,2;171,0;172,8;186,8;207,3;226,8;240,8;238,8;246,0;248,1;256,3;238,6;239,2;235,4;249,9;248,5;253,2;244,5;258,1;242,4;251,2;253,1;263,2;279,5;266,2;263,5;272,5;270,3;266,6;272,5;266,2;280,1;279,9;287,7;282,6;279,8;269,6;277,0;276,5;274,5;262,3;243,1;247,7;247,6;236,5;230,3;604,7;614,8;622,4;599,8;614,3;633,8;624,6;628,8;624,0;616,9;575,1;556,9;576,7;584,1;584,0;595,3;607,5;621,8;624,0;637,8;628,0;636,6;630,1;633,0;627,4;636,8;630,6;645,6;664,6;664,5;640,7;640,7;643,5;654,2;663,7;709,0;707,7;703,2;719,8;734,3;749,6;764,7;750,6;764,6;759,8;770,4;801,9;825,9;831,9;821,1;825,7;796,0;797,8;772,4;780,3;792,9;783,3;786,4;777,6;768,5;743,6;786,3;769,6;754,5;781,3;770,5;781,5;787,1;784,0;790,5;810,6;797,7;822,4;836,1;819,0;813,7;804,8;812,7;831,7;833,7;836,5;819,7;827,3;810,4;809,3;1.041,2;1.032,3;1.034,0;1.011,0;1.032,4;1.012,3;1.013,0;1.000,0;1.001,0;988,6;969,5;958,0;965,0;984,5;982,3;979,2;981,3;965,6;951,6;946,6;947,9;943,6;911,0;920,6;904,9;935,2;919,2;909,7;904,6;887,3;904,0;892,1;905,5;911,1;912,1;924,5;915,9;904,2;911,2;901,0;890,0;914,8;953,8;986,0;1.029,3;1.031,4;1.038,7;1.035,3;1.026,4;1.011,6;1.023,4;1.015,0;1.026,0;1.012,7;1.038,6;1.014,6;1.014,9;1.021,1;1.027,2;1.010,1;998,4;989,8;1.003,3;1.011,7;1.027,9;1.009,5;1.014,7;1.006,9;1.012,0;1.001,5;993,4;979,0;945,6;958,9;953,2;929,8;935,7;919,9;916,7;917,4;901,1;914,2;894,5;873,5;852,4;1.107,3;1.129,7;1.116,5;1.098,5;1.092,8;1.120,1;1.118,5;1.110,2;1.113,4;1.124,4;1.142,7;1.124,6;1.126,4;1.106,6;1.088,7;1.071,1;1.079,6;1.073,6;1.076,9;1.057,6;1.047,5;1.016,8;1.026,7;987,4;998,9;988,9;1.008,3;1.015,2;1.033,7;1.029,2;1.024,7;1.016,0;998,5;971,7;935,6;916,1;906,9;901,6;899,3;909,9;907,0;911,9;906,4;905,0;908,5;900,0;906,5;890,3;871,6;865,0;854,5;821,7;814,7;813,0;796,8;762,6;758,9;740,3;714,6;687,9;669,8;674,0;668,9;643,6;642,4;648,6;614,3;590,6;610,4;618,2;616,2;593,1;593,6;583,0;555,1;535,3;528,4;524,6;506,0;493,3;491,8;492,7;476,3;470,4;477,2;408,4;395,6;403,5;395,2;383,7;378,6;380,6;386,0;358,6;361,5;357,4;327,0;311,8;311,9;297,5;290,6;288,0;291,4;275,1;268,0;266,7;258,5;264,7;256,8;236,8;232,9;241,1;235,5;228,5;224,2;214,9;205,7;196,1;192,5;193,2;181,3;183,6;178,5;172,8;168,2;168,3;182,8;191,6;185,3;176,2;178,0;187,9;185,7;175,3;170,4;162,4;156,1;154,2;143,7;149,0;145,1;139,5;133,9;133,5;147,5;135,6;136,2;129,7;138,3;139,7;131,2;133,8;127,9;127,6;120,9;118,4;121,4;122,9;122,1;122,7;113,2;110,4;105,4;104,2;100,0;93,4;88,9;83,1;83,0;83,1;56,7;54,0;51,4;44,6;46,7;46,4;47,8;50,3;47,7;41,1;42,7;36,5;28,4;26,7;29,0;26,3;24,9;24,9;26,0;23,5;22,5;23,7;25,9;21,0;17,4;16,9;16,5;17,7;16,3;18,0;17,3;19,6;18,9;18,9;19,5;16,1;14,4;13,3;15,9;17,9;18,9;20,8;21,1;21,3;21,1;23,7;22,5;23,9;23,8;27,4;24,4;27,7;25,1;24,6;21,7;24,0;20,9;16,8;18,5;19,0;16,3;16,4;15,1;15,6;15,5;16,0;17,1;14,5;16,0;15,3;16,6;16,8;15,9;18,6;19,1;17,6;15,2;13,0;11,5;9,9;10,3;9,9;13,1;12,0;15,1;1,6;1,7;2,0;2,3;2,2;2,7;2,2;1,9;1,7;0,2;1,4;3,2;4,4;2,9;4,2;4,3;2,1;3,9;2,6;2,6;2,6;2,2;3,9;2,4;1,2;1,6;0,9;1,4;0,2;1,1;1,0;1,1;1,5;1,5;2,2;1,8;3,1;3,7;2,9;4,0;3,4;3,3;7,0;6,0;6,5;5,9;6,5;5,4;4,8;2,7;5,2;5,7;3,8;4,0;2,9;1,8;2,1;1,2;1,6;1,9;2,5;1,0;0,8;1,3;2,4;1,8;1,8;1,9;1,2;0,4;0,4;1,6;0,5;1,4;0,7;0,7;0,5;0,7;0,5;2,0;0,9;1,0;2,1;1,5;1,5
            Empleo privado;16.928,9;16.937,6;17.039,6;17.014,2;16.616,6;16.709,4;16.547,0;16.232,1;15.809,4;15.965,2;15.839,8;15.381,3;16.433,3;16.713,6;16.645,7;16.610,4;16.257,5;16.353,6;16.360,4;16.226,2;15.768,4;15.923,6;15.987,2;15.809,5;15.464,4;15.522,0;15.523,6;15.305,9;15.011,3;15.093,5;15.062,3;14.910,2;14.498,1;14.641,5;14.578,4;14.423,5;14.030,1;14.225,8;14.286,8;14.215,5;14.078,5;14.318,3;14.580,4;14.617,9;14.564,6;14.918,3;15.177,8;15.322,6;15.158,6;15.424,6;15.559,8;15.582,7;15.492,4;15.762,8;15.933,7;16.048,1;16.207,1;16.973,7;17.515,6;17.663,5;17.699,2;17.748,4;17.763,1;17.649,0;17.280,7;17.236,2;17.146,2;16.988,9;16.659,1;16.592,8;16.461,5;16.263,2;15.842,2;15.572,3;15.411,4;15.227,7;14.993,0;14.975,7;14.879,6;14.694,6;14.408,6;14.319,2;14.270,3;14.180,3;13.913,3;128,5;148,8;172,0;141,8;135,5;118,6;177,0;112,6;76,5;80,9;113,9;88,0;126,1;143,9;171,5;146,6;124,0;131,7;160,3;125,8;98,6;113,8;142,3;107,7;92,1;92,9;116,6;82,2;76,9;78,2;103,9;76,6;68,4;78,5;89,0;69,7;69,8;62,8;87,5;73,0;63,1;65,5;91,6;83,6;82,5;86,6;144,5;124,5;106,5;119,2;152,8;148,4;146,7;152,1;208,2;191,7;200,7;253,0;354,9;310,9;335,7;349,8;432,4;386,9;355,2;348,5;438,6;359,0;342,5;362,9;416,9;369,6;336,4;328,8;360,2;304,1;298,2;312,4;343,9;312,9;299,5;324,5;360,2;331,9;347,7;893,4;881,6;955,0;967,0;855,4;838,0;890,2;777,9;702,4;713,0;730,6;635,5;803,2;851,8;889,6;816,3;763,2;814,1;847,3;811,0;761,6;772,2;833,0;746,4;697,1;689,6;739,9;680,6;662,7;684,8;729,8;674,1;628,9;640,3;656,6;634,6;602,5;643,7;686,3;638,6;635,5;663,5;743,9;708,3;714,9;785,0;855,3;841,9;861,9;919,9;990,6;959,6;973,4;1.033,5;1.085,0;1.096,8;1.161,1;1.309,5;1.455,7;1.444,7;1.434,6;1.505,9;1.566,8;1.522,4;1.495,0;1.552,9;1.588,3;1.569,5;1.544,2;1.547,9;1.603,7;1.537,0;1.491,7;1.435,0;1.471,7;1.450,2;1.447,2;1.447,2;1.508,2;1.476,6;1.446,1;1.460,1;1.513,2;1.490,3;1.461,2;1.545,1;1.546,6;1.542,1;1.560,8;1.486,0;1.497,2;1.477,7;1.465,4;1.399,1;1.443,1;1.387,1;1.336,8;1.505,7;1.540,0;1.541,3;1.531,2;1.504,8;1.516,4;1.549,7;1.538,3;1.481,2;1.497,9;1.497,0;1.492,1;1.434,1;1.472,8;1.489,0;1.449,8;1.397,2;1.434,1;1.446,0;1.442,8;1.419,5;1.469,5;1.492,7;1.489,5;1.422,3;1.447,9;1.481,9;1.447,8;1.446,8;1.510,3;1.571,0;1.607,1;1.602,8;1.698,2;1.764,0;1.794,7;1.764,3;1.839,9;1.918,1;1.948,2;1.968,3;2.023,6;2.074,5;2.138,8;2.193,4;2.331,9;2.443,8;2.523,7;2.555,4;2.598,8;2.625,5;2.659,1;2.624,5;2.622,0;2.633,6;2.611,3;2.566,5;2.598,9;2.587,7;2.550,3;2.545,5;2.537,1;2.504,6;2.482,7;2.429,2;2.443,3;2.431,5;2.401,9;2.360,4;2.330,9;2.331,9;2.309,5;2.278,3;3.847,0;3.842,2;3.855,0;3.863,1;3.810,8;3.850,3;3.836,0;3.788,2;3.735,4;3.793,4;3.829,7;3.712,4;4.035,6;4.149,6;4.177,2;4.234,8;4.200,4;4.203,3;4.203,6;4.253,5;4.165,2;4.250,1;4.314,9;4.323,7;4.316,5;4.354,5;4.410,9;4.421,0;4.383,5;4.450,2;4.530,6;4.506,5;4.421,2;4.494,3;4.487,8;4.489,0;4.384,7;4.453,1;4.466,1;4.513,7;4.485,3;4.551,6;4.668,6;4.724,4;4.736,8;4.842,5;4.906,1;4.976,7;4.928,7;5.015,5;5.002,1;5.049,2;4.986,8;5.073,5;5.126,3;5.143,4;5.161,5;5.381,1;5.503,6;5.563,9;5.611,7;5.582,0;5.502,0;5.491,5;5.361,3;5.367,7;5.243,6;5.213,0;5.150,3;5.079,3;4.996,3;4.964,8;4.801,5;4.743,5;4.671,8;4.628,1;4.528,3;4.523,5;4.425,3;4.394,9;4.298,9;4.290,1;4.220,1;4.219,9;4.102,4;5.044,7;5.121,5;5.112,1;5.136,9;5.079,5;5.153,3;5.080,2;5.081,1;4.964,7;5.012,1;4.959,5;4.871,7;5.081,9;5.149,3;5.088,4;5.125,2;5.027,9;5.088,5;5.054,0;5.016,5;4.928,6;4.907,4;4.899,0;4.854,1;4.742,8;4.761,1;4.702,6;4.686,3;4.584,7;4.571,4;4.496,0;4.478,8;4.313,2;4.326,5;4.296,6;4.214,0;4.107,9;4.178,8;4.125,9;4.132,8;4.080,9;4.135,7;4.097,0;4.080,0;4.054,8;4.083,2;4.105,0;4.148,9;4.111,8;4.165,8;4.130,3;4.133,6;4.100,6;4.147,2;4.128,7;4.117,8;4.125,3;4.228,2;4.273,4;4.319,9;4.296,1;4.278,1;4.237,3;4.236,5;4.163,4;4.097,3;4.025,3;3.990,8;3.890,8;3.871,2;3.792,7;3.791,0;3.664,9;3.633,9;3.545,5;3.495,8;3.459,3;3.440,5;3.392,0;3.334,1;3.276,6;3.223,8;3.190,9;3.186,6;3.129,7;4.123,3;4.054,8;4.052,1;4.031,5;3.953,9;3.968,1;3.858,5;3.807,9;3.754,7;3.756,5;3.689,2;3.631,0;3.733,7;3.774,9;3.708,8;3.704,1;3.628,2;3.609,7;3.559,6;3.513,3;3.419,8;3.451,3;3.380,1;3.374,1;3.294,7;3.283,4;3.206,7;3.120,0;3.060,3;3.027,1;2.939,3;2.933,7;2.876,4;2.860,2;2.795,1;2.779,2;2.733,3;2.729,7;2.727,5;2.699,8;2.672,5;2.670,4;2.676,6;2.674,0;2.648,3;2.670,0;2.668,4;2.704,6;2.649,9;2.634,9;2.628,5;2.605,8;2.571,4;2.578,8;2.562,9;2.582,9;2.583,6;2.657,5;2.675,5;2.714,4;2.693,0;2.668,8;2.642,6;2.621,1;2.567,1;2.534,7;2.502,4;2.510,2;2.445,2;2.425,1;2.370,9;2.382,3;2.338,9;2.281,4;2.259,6;2.272,0;2.251,0;2.227,2;2.205,7;2.193,5;2.158,8;2.145,8;2.110,7;2.099,5;2.061,9;1.088,4;1.082,6;1.088,0;1.061,7;1.041,3;1.033,1;1.000,8;972,6;959,2;940,4;923,4;916,0;947,7;915,5;881,3;871,0;841,3;819,9;817,3;806,0;757,2;778,8;769,6;757,3;737,4;722,1;715,4;722,4;713,5;704,9;683,9;675,1;652,9;657,2;640,2;635,6;600,1;596,9;595,3;589,9;574,2;589,8;598,8;610,8;602,6;621,8;617,0;614,3;615,8;605,5;617,0;618,8;627,6;624,2;626,8;658,3;655,2;674,6;671,8;653,6;644,6;634,1;624,9;615,5;588,4;592,8;581,8;594,5;596,0;576,3;574,4;552,6;540,5;525,0;508,1;497,9;487,1;489,1;477,7;480,8;470,7;455,7;454,9;452,2;439,7;200,3;199,8;205,8;194,0;188,7;182,3;170,6;178,6;173,1;178,9;159,6;140,5;143,3;136,5;136,8;130,0;117,3;122,2;124,4;120,3;113,4;112,3;113,0;114,4;111,1;111,4;109,7;108,4;98,5;107,8;100,4;90,7;89,5;84,1;89,0;82,8;82,2;87,5;86,9;87,9;89,9;99,0;96,8;92,0;87,9;94,5;81,7;83,5;81,7;83,9;84,9;82,7;82,7;91,7;88,1;83,7;87,9;98,8;93,7;93,9;89,8;82,4;85,9;73,5;78,5;78,2;84,3;89,9;75,9;78,0;71,6;69,9;71,1;54,0;56,5;65,7;65,1;63,9;63,9;68,2;70,5;60,2;62,3;65,6;68,5;58,2;59,8;57,4;57,4;65,3;68,7;56,0;47,9;44,3;46,9;46,9;49,5;56,0;52,1;50,7;51,2;50,5;47,8;44,3;41,5;42,8;39,9;38,2;39,7;38,7;34,2;32,9;35,2;33,8;35,0;32,4;31,9;28,1;30,9;31,4;29,3;27,3;25,4;29,5;32,2;30,4;32,4;36,2;37,8;34,1;36,5;35,9;33,4;38,0;40,1;35,5;36,3;34,9;38,2;33,2;34,8;38,3;39,0;43,2;38,3;38,3;48,5;45,6;42,4;47,4;42,1;48,2;50,6;47,8;53,2;47,2;45,6;51,8;33,6;33,4;31,1;27,8;28,5;31,6;31,7;27,0;28,1;26,2;24,7;23,9
        Hombres;;;;;;;;;;;;;;;;;;;;;;;;;;;;;;;;;;;;;;;;;;;;;;;;;;;;;;;;;;;;;;;;;;;;;;;;;;;;;;;;;;;;;;;;;;;;;;;;;;;;;;;;;;;;;;;;;;;;;;;;;;;;;;;;;;;;;;;;;;;;;;;;;;;;;;;;;;;;;;;;;;;;;;;;;;;;;;;;;;;;;;;;;;;;;;;;;;;;;;;;;;;;;;;;;;;;;;;;;;;;;;;;;;;;;;;;;;;;;;;;;;;;;;;;;;;;;;;;;;;;;;;;;;;;;;;;;;;;;;;;;;;;;;;;;;;;;;;;;;;;;;;;;;;;;;;;;;;;;;;;;;;;;;;;;;;;;;;;;;;;;;;;;;;;;;;;;;;;;;;;;;;;;;;;;;;;;;;;;;;;;;;;;;;;;;;;;;;;;;;;;;;;;;;;;;;;;;;;;;;;;;;;;;;;;;;;;;;;;;;;;;;;;;;;;;;;;;;;;;;;;;;;;;;;;;;;;;;;;;;;;;;;;;;;;;;;;;;;;;;;;;;;;;;;;;;;;;;;;;;;;;;;;;;;;;;;;;;;;;;;;;;;;;;;;;;;;;;;;;;;;;;;;;;;;;;;;;;;;;;;;;;;;;;;;;;;;;;;;;;;;;;;;;;;;;;;;;;;;;;;;;;;;;;;;;;;;;;;;;;;;;;;;;;;;;;;;;;;;;;;;;;;;;;;;;;;;;;;;;;;;;;;;;;;;;;;;;;;;;;;;;;;;;;;;;;;;;;;;;;;;;;;;;;;;;;;;;;;;;;;;;;;;;;;;;;;;;;;;;;;;;;;;;;;;;;;;;;;;;;;;;;;;;;;;;;;;;;;;;;;;;;;;;;;;;;;;;;;;;;;;;;;;;;;;;;;;;;;;;;;;;;;;;;;;;
            Total;10.924,9;10.977,7;11.115,0;10.976,6;10.791,3;10.830,9;10.782,5;10.608,5;10.385,0;10.469,8;10.454,2;10.133,4;10.661,2;10.808,6;10.824,5;10.750,2;10.599,1;10.653,1;10.662,4;10.528,3;10.284,0;10.339,2;10.420,5;10.256,9;10.048,5;10.071,9;10.112,8;9.971,1;9.847,4;9.863,3;9.896,5;9.761,4;9.520,2;9.558,3;9.605,9;9.441,0;9.165,6;9.306,8;9.384,8;9.333,2;9.238,3;9.435,7;9.645,8;9.663,1;9.688,0;9.980,3;10.204,0;10.229,1;10.196,5;10.341,1;10.514,1;10.470,2;10.369,3;10.550,8;10.705,3;10.777,1;10.899,2;11.414,9;11.841,6;11.950,2;12.014,0;12.086,6;12.175,9;12.083,3;11.923,7;11.895,2;11.928,9;11.772,7;11.637,3;11.622,0;11.620,7;11.433,8;11.263,6;11.155,1;11.069,0;10.925,2;10.803,0;10.811,8;10.810,3;10.696,6;10.540,6;10.480,8;10.491,8;10.402,3;10.256,3;74,1;88,4;98,7;82,1;81,4;67,3;96,3;72,6;50,4;59,1;79,6;61,1;84,3;89,5;103,4;88,0;79,6;76,6;93,8;75,3;58,5;68,4;84,2;66,8;60,1;60,5;70,2;52,0;44,4;50,7;64,9;49,1;42,8;49,9;56,3;44,5;44,0;38,0;52,1;51,8;40,5;40,0;54,4;49,2;48,2;53,2;86,8;70,6;69,5;74,4;97,4;96,8;97,6;104,0;135,3;124,9;132,6;157,5;223,7;204,5;225,1;231,0;280,6;263,5;244,6;235,7;292,7;230,0;219,5;236,7;280,2;242,5;239,3;228,2;250,0;212,2;205,6;219,8;240,4;220,2;211,5;234,3;253,3;234,1;236,0;528,9;529,9;576,8;555,8;492,2;481,8;525,6;452,7;422,4;417,2;438,9;384,4;468,5;503,7;534,6;483,8;442,8;459,2;484,0;453,3;421,6;422,7;464,0;404,1;382,4;382,3;405,9;384,7;380,1;387,8;402,2;362,6;346,5;351,5;368,0;349,0;329,0;353,8;383,8;349,5;335,4;363,2;420,9;389,0;388,3;433,0;480,8;461,4;469,6;514,0;571,1;551,9;537,6;579,6;624,8;623,0;669,0;757,1;852,6;837,8;845,7;886,5;930,7;907,1;910,6;930,7;947,6;927,3;905,8;930,5;967,6;923,6;908,2;893,7;913,1;885,5;894,3;894,4;926,7;906,2;889,9;878,8;922,8;923,2;906,3;920,9;924,1;939,4;944,6;879,8;877,5;858,6;854,6;822,6;839,8;800,2;779,8;880,1;894,1;889,5;879,4;884,9;894,4;893,5;864,1;842,9;853,6;855,6;844,9;817,0;834,5;856,0;816,0;793,3;790,8;818,1;804,0;809,1;823,7;850,9;833,0;796,3;805,2;834,5;826,0;818,4;859,9;880,6;899,8;924,2;993,4;1.031,9;1.050,8;1.029,7;1.072,9;1.111,4;1.116,8;1.118,1;1.170,9;1.198,5;1.238,7;1.263,1;1.350,2;1.428,6;1.485,5;1.520,0;1.571,1;1.598,0;1.610,7;1.580,8;1.590,7;1.606,1;1.595,8;1.584,2;1.588,0;1.588,2;1.566,8;1.571,6;1.567,0;1.547,0;1.536,4;1.512,5;1.526,5;1.523,9;1.502,2;1.475,0;1.467,1;1.475,5;1.452,8;1.428,4;2.344,0;2.343,6;2.365,0;2.329,7;2.333,8;2.338,8;2.355,2;2.334,9;2.319,4;2.351,6;2.362,0;2.295,8;2.467,7;2.509,4;2.549,4;2.589,4;2.566,1;2.568,8;2.594,5;2.621,8;2.580,9;2.622,0;2.656,0;2.649,8;2.656,6;2.679,2;2.706,8;2.723,5;2.727,1;2.757,9;2.790,4;2.767,2;2.702,2;2.762,0;2.777,2;2.775,2;2.716,1;2.781,6;2.793,9;2.816,4;2.802,9;2.854,9;2.925,7;2.947,4;2.956,2;3.050,8;3.122,9;3.151,6;3.157,0;3.198,0;3.227,2;3.231,4;3.204,7;3.236,0;3.251,5;3.282,6;3.299,7;3.469,0;3.566,6;3.611,1;3.648,7;3.649,5;3.633,0;3.603,0;3.553,6;3.539,3;3.504,7;3.487,2;3.465,3;3.428,7;3.419,0;3.387,5;3.317,7;3.300,6;3.245,1;3.227,9;3.175,6;3.176,5;3.151,7;3.141,1;3.097,4;3.092,0;3.057,7;3.049,4;2.997,3;3.235,4;3.279,0;3.297,9;3.313,7;3.308,5;3.332,3;3.287,7;3.290,5;3.238,7;3.257,7;3.239,0;3.176,7;3.268,8;3.334,5;3.306,8;3.322,2;3.282,1;3.314,9;3.287,7;3.268,4;3.217,3;3.204,7;3.199,7;3.180,5;3.109,7;3.116,8;3.093,0;3.078,0;3.026,2;3.019,0;3.007,5;3.002,3;2.907,0;2.897,5;2.894,8;2.833,7;2.750,3;2.785,9;2.760,4;2.748,7;2.724,3;2.759,2;2.790,4;2.797,7;2.817,4;2.851,0;2.876,3;2.882,6;2.870,9;2.897,8;2.901,5;2.889,9;2.859,3;2.878,5;2.903,8;2.888,1;2.895,6;2.983,0;3.040,8;3.077,2;3.074,0;3.065,4;3.060,2;3.058,7;3.030,5;3.001,1;2.979,1;2.953,7;2.920,3;2.906,3;2.866,4;2.841,4;2.777,1;2.768,5;2.730,4;2.697,3;2.673,3;2.660,3;2.646,8;2.613,4;2.580,1;2.544,8;2.539,0;2.518,6;2.480,4;2.837,2;2.827,0;2.839,3;2.797,4;2.755,3;2.789,3;2.748,1;2.707,6;2.669,6;2.684,3;2.680,3;2.615,5;2.661,3;2.670,8;2.654,8;2.621,2;2.603,7;2.597,8;2.576,7;2.536,6;2.479,2;2.481,2;2.473,9;2.443,8;2.388,9;2.381,4;2.358,4;2.296,5;2.266,4;2.244,3;2.214,2;2.192,4;2.144,3;2.113,8;2.091,6;2.063,1;2.020,7;2.027,4;2.039,3;2.017,5;2.004,7;2.021,5;2.023,3;2.028,1;2.014,4;2.038,5;2.052,4;2.059,8;2.042,6;2.037,7;2.042,2;2.021,0;1.983,6;2.008,8;2.008,3;2.024,4;2.034,5;2.069,6;2.092,0;2.096,0;2.082,4;2.065,2;2.066,7;2.054,4;2.018,8;2.017,0;2.000,4;1.977,1;1.953,3;1.949,6;1.935,8;1.914,9;1.896,4;1.876,5;1.870,9;1.864,3;1.856,4;1.843,9;1.836,7;1.828,7;1.810,2;1.803,2;1.786,3;1.770,8;1.755,9;805,4;811,1;816,8;790,2;768,4;771,2;754,3;735,0;710,9;708,4;709,8;687,0;694,6;676,6;658,5;644,4;628,1;627,8;616,7;598,6;573,5;581,6;580,0;562,5;532,9;520,1;529,4;530,9;527,2;522,4;518,7;500,1;485,7;483,0;480,9;463,0;436,1;439,8;443,2;443,3;429,1;447,3;460,1;463,9;455,8;468,0;469,7;469,9;477,5;460,2;475,7;476,2;484,2;477,8;492,7;509,7;516,7;536,3;538,5;537,2;521,4;515,0;505,0;493,4;484,2;487,5;491,3;491,9;493,4;479,6;472,9;466,1;460,6;451,6;442,3;426,4;414,2;419,2;413,4;412,4;405,1;394,7;388,3;384,9;377,5;138,6;135,1;142,9;123,5;125,6;123,0;117,5;124,7;116,9;118,9;113,6;99,7;97,4;93,4;91,1;85,9;76,1;78,2;82,6;81,3;81,0;78,8;82,1;79,1;75,8;75,0;70,7;67,5;61,4;67,6;58,8;61,2;63,3;58,0;66,1;60,1;53,6;56,9;59,0;59,8;63,3;68,7;67,7;62,8;61,4;67,8;59,3;58,4;54,7;59,6;62,2;60,7;61,9;69,6;66,4;61,5;63,0;69,3;72,5;74,7;71,7;67,7;69,0;60,9;64,7;62,8;70,3;72,7;62,5;64,4;59,0;58,2;57,2;45,5;46,4;53,5;52,4;52,8;49,8;50,2;53,6;45,5;50,0;49,4;55,7;40,4;39,5;38,3;39,7;46,4;49,7;39,1;35,9;34,1;32,7;30,7;33,4;38,4;36,7;36,4;36,0;35,7;35,3;32,8;29,1;29,2;26,1;25,0;25,4;25,0;22,2;22,3;22,0;21,3;22,9;21,7;22,4;19,2;19,0;20,1;19,3;19,5;18,3;18,6;20,1;19,7;21,0;22,7;25,3;22,0;24,5;23,9;24,0;25,0;26,5;25,6;25,6;22,4;25,4;24,1;24,1;25,1;22,9;26,1;26,1;25,0;35,1;32,6;31,6;35,9;30,5;36,8;36,9;32,8;38,1;31,6;32,8;35,3;23,4;23,8;21,7;18,8;18,4;21,0;22,3;17,7;20,4;18,9;19,1;18,8
            Empleo público;1.487,1;1.496,0;1.504,2;1.460,5;1.442,2;1.428,6;1.453,8;1.464,0;1.434,0;1.458,8;1.484,1;1.419,2;1.421,5;1.411,3;1.418,7;1.410,7;1.417,5;1.427,4;1.408,2;1.375,4;1.369,8;1.355,4;1.365,5;1.339,3;1.330,3;1.350,4;1.352,2;1.337,2;1.357,5;1.362,3;1.374,1;1.358,1;1.362,7;1.358,0;1.368,6;1.366,4;1.344,0;1.326,9;1.365,7;1.331,7;1.346,5;1.367,2;1.373,2;1.399,6;1.446,2;1.466,3;1.531,4;1.515,3;1.500,6;1.472,5;1.506,8;1.469,5;1.459,4;1.453,5;1.489,4;1.466,6;1.451,0;1.442,8;1.402,5;1.380,4;1.344,2;1.396,0;1.419,5;1.397,1;1.433,8;1.407,5;1.418,1;1.395,9;1.401,7;1.408,7;1.437,4;1.405,9;1.415,1;1.419,9;1.398,1;1.350,0;1.350,1;1.353,3;1.375,3;1.370,5;1.362,6;1.375,1;1.367,9;1.334,6;1.315,7;5,8;3,9;5,6;4,9;3,1;2,7;4,7;3,6;3,5;2,9;2,8;1,6;2,0;1,1;4,2;2,4;2,2;4,3;3,8;2,9;3,2;2,4;3,2;1,7;1,8;1,2;1,2;2,2;2,0;1,1;1,6;0,8;1,3;1,1;1,5;1,5;1,1;2,1;2,1;1,7;1,7;2,4;2,9;2,1;2,6;5,4;7,9;5,2;5,7;4,4;8,5;6,7;8,7;9,3;12,9;10,9;10,9;11,6;12,2;9,4;12,7;10,6;13,1;11,3;12,7;9,5;8,9;9,7;6,3;9,1;12,0;9,7;10,7;7,5;9,5;9,8;9,5;10,5;9,4;7,6;7,9;11,9;13,5;12,0;11,5;40,3;40,3;31,7;28,0;32,5;29,8;38,0;29,9;23,7;23,9;35,2;23,6;28,5;30,8;32,7;32,3;30,5;28,1;31,5;17,3;15,5;15,5;25,3;16,8;17,3;14,7;16,9;14,8;13,5;15,1;23,3;20,6;22,2;19,6;24,0;19,9;18,7;22,5;26,0;19,1;21,2;26,0;35,9;29,2;30,6;32,3;49,1;43,5;44,6;47,1;59,3;53,6;45,7;49,9;52,2;54,4;54,3;53,9;53,2;44,4;47,2;46,2;58,4;50,6;55,8;52,8;46,2;48,2;45,5;46,1;51,4;50,1;46,6;52,5;54,0;45,4;44,2;44,5;49,9;44,7;45,4;40,8;44,9;42,2;42,2;89,4;83,6;84,3;93,2;85,7;74,4;81,3;75,1;76,5;77,0;65,6;60,8;61,9;65,0;66,6;59,0;63,0;78,8;65,3;56,0;58,5;59,4;67,8;63,7;66,1;62,0;73,2;63,3;66,5;65,9;68,3;67,3;72,1;69,8;84,7;71,4;70,7;74,3;85,3;82,8;82,3;80,2;80,6;93,6;108,6;109,7;113,6;107,0;107,8;110,6;105,0;104,0;107,7;114,0;111,6;116,6;114,1;115,1;102,0;111,7;109,0;119,0;130,4;124,5;121,2;120,3;129,0;128,2;135,4;120,5;124,1;130,3;136,7;129,6;121,3;115,8;121,5;119,0;117,9;119,4;109,8;114,2;115,5;112,7;107,2;248,3;264,4;271,2;258,7;250,1;258,4;254,6;259,7;249,1;255,6;246,2;239,4;245,8;248,1;255,6;263,4;266,7;276,8;280,4;282,3;283,4;288,0;285,7;279,9;280,9;286,0;267,6;266,0;283,2;292,8;283,8;296,2;297,9;307,6;309,8;326,1;328,2;309,8;329,8;318,1;331,8;332,2;322,6;320,5;324,1;342,4;364,1;362,5;367,9;360,5;378,9;364,3;359,6;342,3;350,3;348,5;342,8;347,4;333,7;319,5;311,1;344,4;345,1;332,1;342,8;332,2;344,4;345,5;345,9;359,0;387,4;363,2;381,3;375,9;369,5;361,7;356,6;367,9;383,2;391,9;404,5;397,9;397,3;394,2;384,9;437,6;435,0;433,1;417,4;433,0;418,8;423,1;423,3;428,9;434,0;432,7;420,2;426,3;432,4;433,0;439,2;443,1;431,7;422,4;422,1;421,4;421,9;397,3;417,7;404,4;417,3;417,1;410,4;406,7;399,2;411,2;402,2;408,9;416,6;416,8;417,3;400,9;398,9;410,5;397,4;402,8;419,3;435,0;458,7;471,2;466,0;466,9;471,1;452,5;440,8;452,3;455,6;454,8;451,2;476,3;463,1;452,2;454,3;458,8;452,5;440,2;445,3;444,7;460,5;471,0;464,1;473,7;474,3;477,8;471,0;467,2;459,8;445,5;453,6;460,8;451,7;454,6;450,8;459,1;466,4;449,9;463,9;455,2;442,0;434,9;467,8;478,2;474,3;465,5;452,8;471,6;466,7;477,5;477,9;484,5;512,3;500,1;495,7;477,1;473,0;466,5;463,1;456,9;461,5;451,8;449,3;432,9;447,5;429,7;437,1;447,2;454,0;459,0;466,2;467,6;473,0;463,7;455,3;436,9;423,9;428,4;426,4;421,5;415,5;414,8;414,7;407,7;391,1;396,5;414,9;411,1;425,1;420,2;419,8;410,6;407,0;391,2;386,4;392,6;387,5;380,7;384,7;375,0;359,2;346,6;334,2;339,8;339,5;325,2;331,7;335,9;319,6;304,4;305,2;318,8;312,8;307,7;308,6;318,1;300,9;286,7;288,1;287,2;283,5;272,3;279,1;281,0;276,8;270,4;270,7;171,4;166,1;179,8;172,8;163,9;151,4;161,1;170,9;152,0;161,6;167,7;154,4;145,2;140,0;137,8;131,9;137,3;137,7;128,3;127,1;122,3;118,1;118,9;115,5;111,0;110,2;112,9;112,9;112,5;111,5;103,1;95,9;94,4;93,4;92,8;88,9;87,3;85,3;82,8;83,1;79,2;86,9;93,1;87,5;79,6;83,3;87,7;88,9;86,3;81,2;80,0;76,9;81,6;79,2;84,3;77,6;79,8;76,0;72,5;84,4;77,8;77,5;76,1;80,5;84,1;79,3;81,4;73,5;73,1;71,9;70,2;72,1;73,7;70,6;70,8;68,1;66,0;64,3;64,7;60,4;58,8;58,0;55,1;53,6;52,8;25,2;23,2;22,9;19,1;20,2;20,9;23,4;22,8;21,1;19,2;21,4;17,3;13,5;15,0;13,9;13,3;10,1;11,3;13,1;14,1;15,4;16,4;18,3;13,4;11,4;11,0;8,5;7,8;6,6;8,4;9,1;10,4;9,6;12,1;14,0;12,0;9,2;10,9;12,6;12,6;11,0;11,1;9,0;9,6;11,4;13,8;14,1;14,5;14,3;15,8;13,2;14,4;13,2;13,3;12,4;13,7;10,9;8,8;10,2;10,8;10,7;12,4;11,7;11,5;12,6;12,4;13,3;10,5;11,6;12,0;12,1;11,2;11,5;11,3;10,8;10,3;9,3;8,5;7,1;6,1;6,4;6,5;8,2;6,7;10,6;1,4;1,4;1,5;0,9;0,8;0,5;0,8;1,2;1,2;..;0,1;1,8;2,7;1,9;2,0;2,6;1,3;1,7;1,8;1,8;0,9;0,8;1,5;0,8;0,2;0,7;0,9;0,8;0,2;0,8;0,6;0,9;1,0;0,9;1,2;1,0;1,6;1,6;1,2;2,1;2,0;1,5;2,8;2,0;3,1;2,2;2,9;2,5;1,7;1,5;2,5;2,9;1,6;1,6;1,8;1,2;1,4;0,9;0,9;1,0;1,3;0,8;0,7;0,9;1,7;1,1;1,6;1,6;0,8;0,4;0,2;1,6;0,5;0,8;0,6;0,6;0,4;0,5;0,5;1,7;0,9;1,0;1,4;0,8;0,8
            Empleo privado;9.437,9;9.481,7;9.610,8;9.516,1;9.349,2;9.402,3;9.328,6;9.144,5;8.951,1;9.011,0;8.970,1;8.714,2;9.239,7;9.397,3;9.405,9;9.339,5;9.181,6;9.225,7;9.254,2;9.152,9;8.914,2;8.983,8;9.055,0;8.917,5;8.718,2;8.721,5;8.760,5;8.633,9;8.489,9;8.501,0;8.522,4;8.403,2;8.157,4;8.200,3;8.237,2;8.074,6;7.821,6;7.979,9;8.019,2;8.001,5;7.891,8;8.068,5;8.272,6;8.263,5;8.241,9;8.514,0;8.672,7;8.713,8;8.695,8;8.868,6;9.007,4;9.000,7;8.910,0;9.097,3;9.215,9;9.310,5;9.448,2;9.972,1;10.439,0;10.569,8;10.669,8;10.690,6;10.756,4;10.686,2;10.489,9;10.487,7;10.510,9;10.376,8;10.235,6;10.213,3;10.183,3;10.027,9;9.848,5;9.735,2;9.670,8;9.575,3;9.452,9;9.458,5;9.435,0;9.326,1;9.177,9;9.105,8;9.123,9;9.067,7;8.940,5;68,4;84,5;93,1;77,2;78,2;64,6;91,6;69,0;46,9;56,2;76,8;59,5;82,3;88,4;99,3;85,6;77,4;72,3;90,0;72,4;55,3;66,0;81,0;65,1;58,3;59,3;69,1;49,8;42,3;49,6;63,3;48,3;41,5;48,7;54,8;43,1;42,9;35,8;50,0;50,1;38,8;37,6;51,5;47,1;45,6;47,8;78,9;65,4;63,9;70,0;88,9;90,1;88,9;94,8;122,3;114,1;121,8;145,9;211,6;195,1;212,4;220,5;267,6;252,2;231,8;226,1;283,8;220,4;213,2;227,6;268,2;232,8;228,6;220,7;240,5;202,4;196,1;209,4;230,9;212,6;203,7;222,4;239,7;222,0;224,5;488,7;489,6;545,2;527,8;459,7;452,0;487,6;422,8;398,7;393,3;403,7;360,8;440,0;472,9;501,8;451,5;412,3;431,1;452,5;436,0;406,1;407,2;438,8;387,3;365,1;367,5;389,0;369,9;366,6;372,7;378,9;342,0;324,3;331,9;344,0;329,1;310,3;331,3;357,8;330,4;314,3;337,2;385,0;359,8;357,7;400,7;431,7;417,9;425,0;467,0;511,8;498,3;491,9;529,7;572,5;568,6;614,7;703,3;799,5;793,4;798,5;840,3;872,3;856,5;854,9;877,9;901,5;879,1;860,3;884,4;916,2;873,4;861,6;841,2;859,2;840,1;850,1;849,8;876,8;861,4;844,6;838,1;877,9;881,0;864,1;831,5;840,5;855,1;851,4;794,1;803,1;777,3;779,5;746,1;762,8;734,6;719,0;818,3;829,1;822,9;820,3;821,9;815,6;828,2;808,1;784,4;794,2;787,9;781,2;750,9;772,5;782,8;752,8;726,8;724,9;749,8;736,7;737,0;753,9;766,2;761,6;725,6;730,9;749,2;743,3;736,1;779,7;800,0;806,3;815,6;883,7;918,3;943,8;921,9;962,3;1.006,4;1.012,8;1.010,4;1.056,9;1.086,9;1.122,1;1.149,0;1.235,2;1.326,7;1.373,8;1.411,0;1.452,1;1.467,6;1.486,2;1.459,6;1.470,4;1.477,1;1.467,6;1.448,8;1.467,5;1.464,1;1.436,4;1.434,9;1.437,4;1.425,7;1.420,6;1.390,9;1.407,5;1.406,0;1.382,7;1.365,1;1.352,9;1.360,0;1.340,0;1.321,2;2.095,8;2.079,3;2.093,9;2.071,0;2.083,6;2.080,4;2.100,6;2.075,2;2.070,3;2.096,0;2.115,8;2.056,4;2.221,9;2.261,3;2.293,9;2.325,9;2.299,4;2.292,0;2.314,1;2.339,5;2.297,5;2.334,0;2.370,3;2.369,9;2.375,8;2.393,2;2.439,2;2.457,5;2.443,9;2.465,1;2.506,6;2.470,9;2.404,3;2.454,4;2.467,4;2.449,1;2.387,9;2.471,9;2.464,1;2.498,3;2.471,1;2.522,7;2.603,1;2.626,9;2.632,1;2.708,4;2.758,8;2.789,0;2.789,1;2.837,4;2.848,2;2.867,1;2.845,1;2.893,7;2.901,2;2.934,2;2.956,9;3.121,5;3.232,9;3.291,6;3.337,7;3.305,1;3.288,0;3.270,9;3.210,8;3.207,1;3.160,2;3.141,7;3.119,4;3.069,7;3.031,6;3.024,3;2.936,4;2.924,6;2.875,6;2.866,2;2.819,0;2.808,5;2.768,5;2.749,2;2.692,9;2.694,2;2.660,3;2.655,3;2.612,4;2.797,8;2.843,9;2.864,8;2.896,3;2.875,5;2.913,4;2.864,6;2.867,2;2.809,8;2.823,6;2.806,3;2.756,6;2.842,5;2.902,1;2.873,8;2.882,9;2.839,0;2.883,2;2.865,3;2.846,3;2.795,8;2.782,7;2.802,4;2.762,8;2.705,2;2.699,5;2.675,9;2.667,6;2.619,5;2.619,8;2.596,3;2.600,1;2.498,1;2.480,9;2.478,1;2.416,4;2.349,5;2.387,0;2.350,0;2.351,3;2.321,5;2.339,9;2.355,3;2.338,9;2.346,2;2.385,1;2.409,5;2.411,5;2.418,4;2.457,0;2.449,2;2.434,2;2.404,5;2.427,3;2.427,5;2.425,0;2.443,4;2.528,7;2.582,0;2.624,6;2.633,8;2.620,2;2.615,6;2.598,2;2.559,5;2.537,0;2.505,3;2.479,5;2.442,5;2.435,3;2.399,2;2.381,7;2.331,6;2.314,9;2.269,6;2.245,6;2.218,7;2.209,5;2.187,7;2.147,0;2.130,2;2.080,9;2.083,9;2.076,6;2.045,4;2.369,4;2.348,8;2.365,0;2.331,8;2.302,5;2.317,8;2.281,4;2.230,1;2.191,6;2.199,9;2.168,0;2.115,3;2.165,6;2.193,7;2.181,8;2.154,8;2.140,6;2.140,8;2.115,2;2.084,8;2.029,9;2.048,3;2.026,4;2.014,1;1.951,8;1.934,2;1.904,4;1.837,5;1.800,2;1.776,7;1.741,2;1.728,7;1.689,0;1.676,9;1.667,7;1.634,6;1.594,3;1.605,9;1.623,8;1.602,7;1.590,1;1.613,8;1.632,2;1.631,6;1.599,6;1.627,4;1.627,3;1.639,6;1.622,8;1.627,1;1.635,1;1.629,9;1.597,2;1.616,2;1.620,8;1.643,7;1.649,8;1.694,6;1.732,8;1.749,4;1.748,1;1.725,4;1.727,2;1.729,2;1.687,1;1.681,1;1.680,8;1.672,7;1.648,1;1.630,8;1.623,0;1.607,1;1.587,9;1.558,5;1.570,0;1.577,6;1.568,3;1.556,7;1.553,1;1.556,4;1.531,2;1.522,1;1.509,6;1.500,5;1.485,2;634,0;645,0;637,0;617,4;604,5;619,8;593,2;564,1;558,9;546,8;542,1;532,6;549,4;536,7;520,7;512,5;490,8;490,1;488,4;471,5;451,2;463,6;461,0;447,0;421,9;409,9;416,6;418,0;414,7;411,0;415,6;404,2;391,3;389,6;388,2;374,1;348,8;354,4;360,4;360,2;349,9;360,4;367,0;376,4;376,2;384,7;382,0;381,0;391,2;378,9;395,7;399,3;402,5;398,6;408,3;432,1;436,9;460,3;466,0;452,8;443,6;437,6;428,9;412,9;400,1;408,3;409,8;418,4;420,3;407,7;402,7;394,0;387,0;381,0;371,4;358,3;348,2;354,9;348,7;352,0;346,2;336,7;333,3;331,3;324,7;113,4;111,9;120,0;104,4;105,4;102,0;94,0;101,8;95,7;99,7;92,3;82,4;83,9;78,3;77,2;72,6;65,9;66,9;69,5;67,2;65,6;62,4;63,8;65,7;64,4;63,9;62,2;59,7;54,8;59,2;49,7;50,8;53,7;45,8;52,1;48,1;44,4;46,0;46,4;47,1;52,3;57,6;58,7;53,2;50,0;54,0;45,2;43,9;40,3;43,9;49,0;46,3;48,7;56,3;54,0;47,8;52,1;60,5;62,3;63,9;61,0;55,3;57,4;49,4;52,0;50,4;57,1;62,2;50,9;52,5;47,0;47,0;45,7;34,2;35,6;43,2;43,1;44,3;42,7;44,1;47,2;39,0;41,8;42,7;45,0;39,0;38,1;36,8;38,8;45,6;49,2;38,3;34,7;32,9;32,7;30,6;31,6;35,8;34,8;34,4;33,4;34,4;33,6;31,0;27,3;28,3;25,3;23,5;24,5;24,8;21,5;21,5;21,2;21,1;22,1;21,1;21,5;18,2;18,1;18,8;18,4;17,9;16,7;17,4;18,0;17,7;19,5;19,9;23,3;19,0;22,3;21,0;21,5;23,3;25,0;23,1;22,7;20,8;23,8;22,2;22,9;23,6;22,0;25,2;25,1;23,7;34,3;31,8;30,7;34,2;29,4;35,2;35,3;32,0;37,7;31,4;31,2;34,8;22,6;23,3;21,2;18,5;17,9;20,5;20,6;16,8;19,4;17,5;18,3;18,0
        Mujeres;;;;;;;;;;;;;;;;;;;;;;;;;;;;;;;;;;;;;;;;;;;;;;;;;;;;;;;;;;;;;;;;;;;;;;;;;;;;;;;;;;;;;;;;;;;;;;;;;;;;;;;;;;;;;;;;;;;;;;;;;;;;;;;;;;;;;;;;;;;;;;;;;;;;;;;;;;;;;;;;;;;;;;;;;;;;;;;;;;;;;;;;;;;;;;;;;;;;;;;;;;;;;;;;;;;;;;;;;;;;;;;;;;;;;;;;;;;;;;;;;;;;;;;;;;;;;;;;;;;;;;;;;;;;;;;;;;;;;;;;;;;;;;;;;;;;;;;;;;;;;;;;;;;;;;;;;;;;;;;;;;;;;;;;;;;;;;;;;;;;;;;;;;;;;;;;;;;;;;;;;;;;;;;;;;;;;;;;;;;;;;;;;;;;;;;;;;;;;;;;;;;;;;;;;;;;;;;;;;;;;;;;;;;;;;;;;;;;;;;;;;;;;;;;;;;;;;;;;;;;;;;;;;;;;;;;;;;;;;;;;;;;;;;;;;;;;;;;;;;;;;;;;;;;;;;;;;;;;;;;;;;;;;;;;;;;;;;;;;;;;;;;;;;;;;;;;;;;;;;;;;;;;;;;;;;;;;;;;;;;;;;;;;;;;;;;;;;;;;;;;;;;;;;;;;;;;;;;;;;;;;;;;;;;;;;;;;;;;;;;;;;;;;;;;;;;;;;;;;;;;;;;;;;;;;;;;;;;;;;;;;;;;;;;;;;;;;;;;;;;;;;;;;;;;;;;;;;;;;;;;;;;;;;;;;;;;;;;;;;;;;;;;;;;;;;;;;;;;;;;;;;;;;;;;;;;;;;;;;;;;;;;;;;;;;;;;;;;;;;;;;;;;;;;;;;;;;;;;;;;;;;;;;;;;;;;;;;;;;;;;;;;;;;;;;
            Total;9.527,8;9.486,2;9.430,7;9.491,4;9.293,4;9.354,1;9.248,5;9.063,1;8.821,7;8.874,5;8.722,7;8.473,8;9.020,0;9.158,3;9.049,8;9.054,7;8.872,0;8.911,5;8.865,6;8.815,7;8.590,2;8.659,1;8.628,7;8.556,4;8.389,8;8.436,2;8.414,8;8.329,9;8.182,2;8.230,8;8.152,2;8.105,2;7.934,6;8.010,8;7.898,1;7.912,1;7.785,0;7.828,4;7.845,2;7.827,4;7.791,9;7.903,7;8.021,9;8.095,4;8.077,1;8.172,8;8.280,4;8.392,9;8.229,7;8.333,8;8.304,9;8.280,9;8.283,5;8.339,7;8.393,2;8.377,2;8.385,2;8.640,4;8.714,9;8.696,8;8.605,9;8.631,3;8.577,5;8.497,7;8.343,8;8.300,2;8.162,0;8.118,9;7.941,2;7.887,2;7.801,4;7.726,8;7.472,5;7.335,7;7.220,1;7.093,7;6.967,2;6.928,6;6.835,7;6.726,6;6.552,2;6.511,1;6.427,5;6.364,6;6.226,0;63,2;65,0;83,2;69,7;60,6;55,5;88,2;44,7;30,3;27,8;38,7;29,2;45,6;57,0;75,1;61,7;47,5;59,4;71,6;55,5;45,2;50,0;63,7;44,2;34,4;36,4;50,9;32,9;36,0;28,9;40,9;29,2;28,8;31,9;35,3;27,5;28,1;27,1;37,8;24,1;26,1;28,7;40,4;37,5;37,6;39,6;69,4;61,7;45,4;50,7;66,6;61,1;61,3;59,3;93,2;82,9;85,4;112,0;147,5;119,1;127,2;132,8;171,4;138,8;126,9;128,5;160,0;145,4;134,4;138,5;154,7;139,0;109,9;111,9;124,0;106,1;106,7;108,9;120,5;106,6;102,0;105,7;124,3;113,9;128,0;439,2;438,7;442,4;466,5;427,8;416,9;448,3;388,9;339,5;349,7;359,1;303,2;389,1;403,7;419,4;388,4;376,4;401,5;424,0;400,3;377,3;390,5;419,0;377,9;352,0;337,4;369,2;328,1;310,6;332,0;371,2;350,7;322,5;323,8;328,7;320,8;306,0;326,5;340,9;325,7;340,1;347,1;389,8;381,3;395,5;430,3;466,5;459,5;469,4;495,7;533,4;505,4;527,0;550,0;566,9;569,7;588,2;659,6;712,3;691,7;673,7;707,9;739,7;700,8;682,2;715,7;737,9;733,0;722,6;708,4;743,0;709,6;676,0;645,7;672,9;661,7;643,9;648,4;685,9;666,5;649,1;664,3;678,0;650,2;638,8;844,6;829,0;804,8;853,3;831,3;836,2;825,1;804,7;763,8;789,7;763,5;722,1;802,8;824,2;823,3;820,6;791,0;800,9;801,5;808,4;786,4;791,9;785,6;790,9;764,6;778,0;780,6;768,9;742,9;783,6;766,3;778,9;759,8;785,3;798,4;799,5;780,2;808,7;828,0;792,0;799,4;823,2;877,2;914,6;905,4;945,6;970,8;989,9;982,7;1.023,3;1.045,3;1.070,6;1.085,6;1.102,6;1.124,5;1.153,3;1.174,8;1.239,8;1.257,5;1.289,4;1.288,5;1.290,9;1.307,0;1.314,6;1.307,2;1.303,8;1.297,8;1.282,1;1.254,7;1.277,1;1.279,6;1.263,5;1.261,5;1.252,8;1.237,3;1.215,9;1.193,7;1.193,3;1.182,0;1.162,1;1.128,5;1.111,5;1.104,1;1.093,3;1.080,2;2.107,7;2.113,4;2.112,4;2.133,2;2.091,2;2.145,4;2.105,4;2.082,1;2.039,9;2.058,7;2.042,7;1.973,5;2.144,6;2.224,3;2.211,8;2.240,7;2.241,8;2.256,2;2.233,1;2.269,5;2.212,3;2.264,7;2.289,0;2.306,8;2.287,3;2.312,2;2.334,8;2.343,1;2.321,1;2.356,7;2.380,9;2.380,0;2.362,5;2.386,5;2.374,3;2.422,8;2.376,3;2.374,6;2.391,9;2.431,5;2.432,0;2.461,5;2.493,5;2.541,6;2.540,4;2.562,1;2.585,1;2.651,1;2.603,6;2.638,6;2.600,6;2.613,8;2.579,9;2.609,9;2.655,1;2.653,6;2.645,2;2.698,6;2.714,6;2.721,2;2.706,5;2.718,8;2.638,6;2.643,0;2.589,0;2.598,9;2.520,4;2.512,9;2.469,0;2.441,0;2.388,0;2.374,9;2.306,2;2.279,0;2.245,7;2.214,0;2.157,6;2.159,8;2.105,3;2.087,5;2.038,0;2.017,8;1.989,7;1.980,8;1.914,4;2.850,6;2.874,9;2.848,3;2.834,2;2.803,5;2.833,3;2.805,5;2.790,6;2.726,9;2.743,0;2.690,0;2.653,0;2.778,1;2.799,4;2.764,0;2.782,2;2.727,1;2.739,1;2.717,9;2.694,7;2.659,2;2.646,3;2.610,3;2.594,2;2.538,0;2.579,5;2.528,7;2.518,1;2.463,2;2.439,7;2.392,4;2.368,7;2.311,8;2.340,1;2.313,9;2.304,9;2.273,5;2.297,0;2.276,6;2.285,0;2.246,6;2.291,2;2.260,5;2.268,4;2.266,7;2.263,5;2.267,4;2.301,6;2.267,3;2.279,7;2.252,3;2.258,8;2.267,4;2.281,4;2.263,4;2.244,3;2.244,6;2.266,3;2.259,8;2.252,8;2.220,5;2.202,5;2.180,4;2.189,5;2.160,8;2.105,7;2.061,0;2.044,0;1.982,5;1.966,4;1.919,7;1.928,5;1.833,3;1.824,2;1.768,4;1.728,4;1.721,7;1.700,1;1.661,8;1.638,1;1.597,6;1.593,2;1.546,4;1.541,6;1.501,7;2.393,4;2.357,5;2.329,3;2.332,7;2.291,4;2.298,8;2.228,9;2.210,6;2.198,5;2.196,6;2.151,5;2.140,2;2.198,8;2.210,7;2.142,8;2.153,9;2.104,0;2.085,6;2.059,8;2.034,3;1.988,1;1.986,9;1.932,8;1.917,7;1.904,7;1.890,9;1.856,6;1.838,7;1.827,6;1.812,0;1.749,8;1.757,3;1.730,6;1.718,1;1.639,1;1.632,2;1.619,5;1.604,0;1.587,5;1.592,2;1.574,7;1.560,8;1.559,6;1.550,8;1.542,3;1.531,5;1.522,5;1.535,1;1.478,8;1.462,2;1.440,9;1.406,4;1.402,5;1.383,0;1.351,4;1.321,2;1.308,0;1.328,3;1.298,1;1.306,3;1.280,5;1.277,6;1.244,8;1.210,4;1.190,7;1.166,2;1.116,3;1.123,7;1.102,4;1.093,8;1.051,3;1.060,6;1.036,1;987,9;943,8;943,0;923,0;908,0;875,0;858,1;840,4;835,3;800,6;799,1;783,1;691,4;667,1;674,7;666,8;656,6;640,5;627,2;623,5;606,9;593,5;570,9;556,1;564,9;550,8;520,3;517,2;501,2;483,6;475,8;475,4;450,4;455,7;454,3;451,6;441,3;435,0;427,1;427,0;414,8;406,7;380,2;380,8;363,2;366,7;352,5;353,9;347,6;335,6;324,9;314,8;313,4;325,4;330,3;332,2;323,0;331,8;335,2;330,2;313,7;315,7;303,6;298,7;297,6;290,1;283,1;293,7;278,0;272,2;266,7;263,9;258,9;255,2;249,6;260,4;243,9;236,5;224,3;230,5;230,1;217,6;219,9;207,9;202,8;195,5;188,5;184,7;183,3;175,3;168,4;168,4;159,1;149,9;149,6;150,4;145,3;118,4;118,6;114,4;115,1;109,8;105,8;101,0;104,2;104,0;101,1;88,6;77,3;74,3;69,8;74,7;70,4;66,1;68,9;67,8;62,6;55,0;57,2;56,8;56,3;52,6;53,3;55,5;58,6;53,4;58,2;58,8;49,1;45,0;45,1;42,4;38,7;43,0;43,9;43,8;46,1;45,5;51,1;50,1;50,5;47,6;50,4;44,9;49,1;50,9;51,6;47,1;49,7;45,9;46,6;43,5;46,1;45,9;46,3;39,7;38,2;34,4;31,0;32,0;28,2;29,3;31,5;31,1;31,7;29,3;28,8;29,1;28,5;29,7;27,0;29,2;29,7;27,9;24,2;25,6;27,9;27,2;24,6;25,5;28,2;27,9;19,4;22,0;21,1;20,0;21,1;21,7;19,1;13,8;11,9;14,4;17,5;19,2;22,0;18,4;18,5;19,6;16,9;16,3;14,2;15,0;16,2;15,9;17,1;16,8;14,9;13,6;11,4;14,5;12,7;13,2;11,7;10,5;10,4;13,4;13,5;11,7;11,0;10,9;13,8;16,1;14,1;14,8;20,5;18,6;18,5;17,9;18,5;14,8;17,8;16,4;15,1;16,4;16,3;16,7;12,0;12,4;15,3;17,3;18,6;14,2;15,7;14,5;13,8;12,1;13,9;13,4;13,2;15,6;16,1;15,5;16,1;14,4;17,0;11,7;10,3;10,1;9,5;10,8;11,1;11,4;10,2;8,8;9,4;7,1;6,6
            Empleo público;2.036,8;2.030,2;2.001,9;1.993,4;2.026,0;2.047,0;2.030,2;1.975,5;1.963,5;1.920,4;1.853,0;1.806,7;1.826,5;1.842,0;1.810,0;1.783,8;1.796,2;1.783,6;1.759,4;1.742,4;1.736,0;1.719,3;1.696,5;1.664,4;1.643,6;1.635,7;1.651,7;1.657,8;1.660,7;1.638,4;1.612,3;1.598,2;1.594,0;1.569,6;1.556,9;1.563,1;1.576,5;1.582,5;1.577,5;1.613,3;1.605,3;1.653,9;1.714,1;1.740,9;1.754,3;1.768,4;1.775,2;1.784,0;1.766,9;1.777,8;1.752,4;1.698,9;1.701,1;1.674,2;1.675,3;1.639,5;1.626,4;1.638,8;1.638,3;1.603,1;1.576,5;1.573,5;1.570,8;1.534,9;1.553,0;1.551,8;1.526,7;1.506,8;1.517,7;1.507,8;1.523,2;1.491,5;1.478,8;1.498,7;1.479,6;1.441,3;1.427,0;1.411,5;1.391,0;1.358,2;1.321,5;1.297,7;1.281,1;1.252,0;1.253,2;3,1;0,7;4,3;5,1;3,3;1,6;2,8;1,2;0,7;3,1;1,6;0,8;1,8;1,5;2,9;0,7;0,9;..;1,4;2,1;1,9;2,2;2,3;1,6;0,6;2,8;3,4;0,4;1,4;0,2;0,2;0,9;1,9;2,1;1,1;0,8;1,2;0,2;0,3;1,2;1,8;0,8;0,3;1,0;0,7;0,8;3,8;2,6;2,8;1,6;2,6;2,7;3,5;2,0;7,4;5,2;6,4;4,9;4,2;3,3;3,8;3,4;6,6;4,0;3,5;6,2;5,3;6,7;5,2;3,2;5,9;2,1;2,2;3,9;4,3;4,5;4,6;5,8;7,6;6,3;6,2;3,6;3,8;4,0;4,7;34,4;46,7;32,6;27,3;32,1;30,9;45,7;33,8;35,8;30,0;32,2;28,5;25,8;24,7;31,6;23,5;25,4;18,5;29,2;25,2;21,8;25,6;24,8;18,8;20,0;15,3;18,2;17,4;14,5;19,9;20,3;18,7;17,9;15,3;16,1;15,3;13,8;14,1;12,5;17,5;19,0;20,7;30,9;32,8;38,4;46,0;42,9;35,5;32,5;42,8;54,6;44,1;45,5;46,2;54,4;41,5;41,7;53,4;56,1;40,4;37,6;42,3;45,3;34,8;42,1;40,7;51,0;42,6;38,7;44,9;55,5;46,0;45,9;51,9;60,4;51,6;46,8;51,0;54,5;51,3;47,6;42,3;42,7;40,9;41,7;131,0;123,0;117,8;143,9;139,4;142,1;124,7;118,9;110,8;109,5;111,1;104,3;115,3;113,4;104,9;109,8;108,1;100,0;80,0;78,2;89,5;88,2;76,5;80,0;81,4;77,6;74,4;71,9;72,5;74,3;70,1;72,9;77,3;69,6;71,8;71,7;83,5;91,7;95,4;87,5;88,7;92,6;106,2;113,7;118,2;131,1;125,2;139,0;140,4;145,7;133,6;135,2;127,7;135,9;136,9;136,5;130,3;143,1;140,4;139,5;144,1;144,2;149,1;141,7;142,3;152,2;141,3;138,3;137,1;145,8;156,0;149,6;151,0;153,0;158,5;153,9;155,5;157,5;156,6;142,9;133,2;133,6;132,1;123,8;123,1;356,5;350,4;351,3;341,1;364,1;375,4;370,0;369,1;374,9;361,3;328,9;317,5;330,9;336,0;328,4;331,9;340,8;345,0;343,6;355,4;344,7;348,6;344,3;353,0;346,6;350,8;363,0;379,6;381,4;371,6;356,9;344,4;345,6;346,6;353,8;383,0;379,5;393,4;390,0;416,2;417,8;432,5;428,0;444,1;435,6;428,0;437,8;463,4;464,0;460,5;446,8;431,7;438,2;430,1;430,0;444,4;440,5;439,0;443,9;448,9;432,6;441,9;424,6;422,4;438,5;438,3;437,0;441,6;438,1;431,5;423,3;434,4;441,1;460,2;449,6;452,0;448,2;444,8;448,5;441,8;432,0;421,8;430,0;416,2;424,3;603,6;597,3;600,9;593,6;599,4;593,5;590,0;576,6;572,1;554,6;536,8;537,8;538,7;552,2;549,4;539,9;538,2;533,9;529,2;524,5;526,5;521,7;513,7;502,9;500,5;517,9;502,1;499,3;497,9;488,1;492,8;489,9;496,6;494,5;495,4;507,3;515,0;505,2;500,7;503,6;487,2;495,5;518,8;527,3;558,0;565,4;571,9;564,2;573,9;570,8;571,1;559,4;571,2;561,4;562,3;551,5;562,7;566,8;568,4;557,6;558,2;544,6;558,6;551,2;556,8;545,4;541,0;532,7;534,2;530,5;526,1;519,2;500,1;505,3;492,4;478,1;481,1;469,1;457,6;451,1;451,2;450,3;439,4;431,5;417,4;639,5;651,4;642,2;632,9;639,9;648,5;651,8;632,8;635,4;639,9;630,3;624,5;630,7;629,5;615,8;604,6;616,5;616,7;615,4;605,8;598,2;583,9;579,2;557,7;561,8;541,7;554,3;556,2;567,5;561,6;551,7;552,3;543,2;534,8;511,7;487,6;480,5;480,1;483,8;495,1;492,3;504,2;515,2;508,5;493,7;488,9;481,5;470,1;451,7;454,4;447,5;430,5;428,3;420,4;409,3;381,9;374,2;365,4;355,4;341,3;335,6;334,2;329,4;318,4;310,6;312,6;294,7;286,2;305,3;299,5;303,4;285,3;285,0;265,0;254,2;248,6;240,4;237,4;222,4;221,0;212,8;211,7;199,5;200,1;206,5;237,1;229,5;223,7;222,4;219,8;227,3;219,6;215,1;206,6;199,9;189,6;172,6;166,6;172,0;159,7;158,8;150,7;153,7;146,8;140,9;144,5;140,4;145,7;141,3;125,8;122,7;128,2;122,6;116,0;112,7;111,9;109,8;101,7;99,1;100,4;92,4;96,3;93,2;89,9;85,1;89,2;96,0;98,5;97,8;96,6;94,6;100,2;96,9;89,0;89,2;82,3;79,2;72,6;64,5;64,6;67,5;59,7;57,9;61,0;63,1;57,8;58,7;53,7;57,8;55,6;52,0;52,4;54,4;54,4;49,0;48,1;49,3;49,3;51,6;51,8;45,1;44,4;41,1;39,4;39,7;34,6;30,9;28,0;29,4;30,3;31,5;30,7;28,5;25,5;26,5;25,5;24,4;27,5;26,6;21,9;21,3;19,3;14,9;11,6;15,0;13,0;14,8;13,6;12,9;9,5;7,1;7,4;7,6;7,6;6,0;5,9;8,0;9,8;9,7;9,6;8,2;9,2;9,3;6,8;5,6;4,1;5,2;2,4;3,3;5,3;7,9;9,7;12,0;11,7;9,7;9,8;8,4;9,4;9,5;11,6;11,2;13,3;11,9;11,2;9,3;10,3;10,0;8,0;8,3;8,2;5,7;4,0;3,5;4,1;2,8;3,6;3,8;4,0;4,3;3,3;4,5;5,5;4,3;7,3;8,3;7,3;5,8;4,5;4,4;3,8;3,9;3,5;4,9;5,3;4,5;0,2;0,3;0,5;1,4;1,5;2,2;1,4;0,6;0,5;0,2;1,2;1,4;1,8;1,1;2,2;1,7;0,8;2,2;0,8;0,8;1,7;1,3;2,4;1,6;1,0;0,9;..;0,5;..;0,3;0,4;0,2;0,5;0,7;1,0;0,8;1,5;2,1;1,7;1,9;1,4;1,9;4,1;4,1;3,4;3,7;3,7;2,9;3,1;1,2;2,7;2,8;2,2;2,3;1,1;0,5;0,6;0,3;0,7;0,9;1,2;0,2;0,1;0,4;0,7;0,7;0,2;0,3;0,3;..;0,2;..;..;0,6;0,1;0,2;0,2;0,2;..;0,4;..;..;0,7;0,7;0,7
            Empleo privado;7.491,0;7.456,0;7.428,8;7.498,0;7.267,4;7.307,1;7.218,3;7.087,6;6.858,3;6.954,1;6.869,7;6.667,1;7.193,6;7.316,2;7.239,8;7.270,9;7.075,9;7.127,9;7.106,2;7.073,3;6.854,2;6.939,8;6.932,2;6.892,0;6.746,2;6.800,5;6.763,1;6.672,0;6.521,5;6.592,5;6.539,9;6.507,0;6.340,6;6.441,3;6.341,2;6.348,9;6.208,5;6.246,0;6.267,7;6.214,1;6.186,7;6.249,8;6.307,8;6.354,4;6.322,7;6.404,4;6.505,2;6.608,9;6.462,8;6.556,0;6.552,4;6.582,0;6.582,4;6.665,5;6.717,8;6.737,7;6.758,8;7.001,7;7.076,5;7.093,7;7.029,4;7.057,8;7.006,7;6.962,8;6.790,8;6.748,5;6.635,3;6.612,1;6.423,5;6.379,5;6.278,2;6.235,3;5.993,6;5.837,1;5.740,6;5.652,4;5.540,1;5.517,1;5.444,7;5.368,5;5.230,6;5.213,4;5.146,4;5.112,7;4.972,8;60,1;64,3;78,8;64,6;57,3;53,9;85,4;43,6;29,6;24,7;37,1;28,5;43,7;55,4;72,3;61,0;46,5;59,4;70,3;53,4;43,3;47,8;61,4;42,6;33,8;33,6;47,5;32,5;34,6;28,7;40,7;28,3;26,9;29,8;34,2;26,6;26,9;27,0;37,5;22,9;24,3;27,9;40,1;36,5;36,9;38,7;65,6;59,1;42,6;49,1;64,0;58,4;57,8;57,3;85,8;77,6;78,9;107,1;143,3;115,8;123,4;129,3;164,8;134,7;123,3;122,4;154,7;138,7;129,2;135,3;148,7;136,9;107,7;108,0;119,7;101,7;102,1;103,0;112,9;100,3;95,8;102,1;120,5;109,9;123,3;404,7;392,0;409,8;439,1;395,7;385,9;402,6;355,1;303,7;319,7;326,9;274,7;363,2;378,9;387,8;364,9;351,0;383,0;394,8;375,1;355,5;365,0;394,2;359,1;332,0;322,1;351,0;310,7;296,1;312,1;350,9;332,1;304,6;308,4;312,6;305,5;292,2;312,4;328,4;308,2;321,2;326,4;358,9;348,5;357,2;384,3;423,6;424,0;436,9;452,9;478,9;461,3;481,5;503,8;512,5;528,1;546,4;606,3;656,2;651,3;636,1;665,6;694,5;665,9;640,1;675,0;686,9;690,4;683,9;663,5;687,5;663,6;630,1;593,8;612,6;610,1;597,0;597,4;631,4;615,1;601,5;622,0;635,2;609,3;597,1;713,6;706,1;687,0;709,4;691,9;694,1;700,4;685,8;653,0;680,3;652,4;617,8;687,5;710,9;718,4;710,8;682,9;700,8;721,5;730,2;696,8;703,7;709,2;710,9;683,2;700,4;706,2;697,0;670,4;709,2;696,2;706,1;682,5;715,6;726,6;727,8;696,7;717,0;732,7;704,5;710,7;730,6;771,0;800,8;787,2;814,5;845,7;850,9;842,4;877,6;911,7;935,4;957,9;966,7;987,6;1.016,7;1.044,4;1.096,7;1.117,1;1.149,9;1.144,4;1.146,7;1.157,9;1.172,9;1.164,9;1.151,6;1.156,5;1.143,8;1.117,7;1.131,4;1.123,6;1.113,9;1.110,5;1.099,7;1.078,8;1.062,1;1.038,2;1.035,8;1.025,4;1.019,2;995,3;978,0;971,9;969,5;957,1;1.751,2;1.763,0;1.761,2;1.792,1;1.727,1;1.770,0;1.735,4;1.713,0;1.665,0;1.697,4;1.713,9;1.656,0;1.813,7;1.888,2;1.883,3;1.908,9;1.901,0;1.911,2;1.889,4;1.914,0;1.867,6;1.916,1;1.944,7;1.953,8;1.940,7;1.961,4;1.971,7;1.963,5;1.939,7;1.985,1;2.024,0;2.035,6;2.016,9;2.039,9;2.020,5;2.039,9;1.996,8;1.981,2;2.001,9;2.015,3;2.014,2;2.029,0;2.065,5;2.097,5;2.104,7;2.134,2;2.147,3;2.187,7;2.139,6;2.178,1;2.153,8;2.182,1;2.141,7;2.179,8;2.225,1;2.209,2;2.204,6;2.259,6;2.270,7;2.272,3;2.274,0;2.276,9;2.214,1;2.220,6;2.150,5;2.160,6;2.083,4;2.071,3;2.030,9;2.009,6;1.964,7;1.940,4;1.865,1;1.818,8;1.796,2;1.762,0;1.709,4;1.715,0;1.656,8;1.645,7;1.606,0;1.596,0;1.559,8;1.564,6;1.490,1;2.247,0;2.277,6;2.247,3;2.240,6;2.204,1;2.239,8;2.215,5;2.213,9;2.154,8;2.188,5;2.153,2;2.115,1;2.239,4;2.247,2;2.214,6;2.242,2;2.188,9;2.205,2;2.188,7;2.170,2;2.132,7;2.124,6;2.096,7;2.091,3;2.037,5;2.061,6;2.026,7;2.018,7;1.965,3;1.951,6;1.899,7;1.878,8;1.815,2;1.845,6;1.818,6;1.797,6;1.758,4;1.791,8;1.775,9;1.781,4;1.759,3;1.795,7;1.741,7;1.741,1;1.708,7;1.698,1;1.695,6;1.737,4;1.693,4;1.708,8;1.681,1;1.699,4;1.696,2;1.720,0;1.701,2;1.692,8;1.681,9;1.699,5;1.691,4;1.695,3;1.662,3;1.658,0;1.621,8;1.638,3;1.603,9;1.560,3;1.520,0;1.511,3;1.448,3;1.435,9;1.393,6;1.409,3;1.333,3;1.318,9;1.275,9;1.250,3;1.240,6;1.231,0;1.204,3;1.187,0;1.146,4;1.142,9;1.107,0;1.110,1;1.084,3;1.754,0;1.706,1;1.687,1;1.699,7;1.651,5;1.650,4;1.577,1;1.577,8;1.563,1;1.556,7;1.521,2;1.515,7;1.568,1;1.581,2;1.527,0;1.549,4;1.487,6;1.468,9;1.444,3;1.428,6;1.389,9;1.403,0;1.353,7;1.360,0;1.342,9;1.349,1;1.302,2;1.282,5;1.260,1;1.250,4;1.198,2;1.205,0;1.187,4;1.183,3;1.127,4;1.144,6;1.139,0;1.123,9;1.103,7;1.097,1;1.082,4;1.056,6;1.044,4;1.042,4;1.048,7;1.042,6;1.041,1;1.065,0;1.027,1;1.007,8;993,4;975,9;974,2;962,6;942,1;939,3;933,8;962,9;942,7;965,0;944,9;943,4;915,4;892,0;880,0;853,6;821,6;837,5;797,1;794,3;747,9;775,2;751,1;722,9;689,6;694,4;682,7;670,5;652,6;637,1;627,6;623,6;601,1;599,0;576,6;454,3;437,5;451,0;444,3;436,8;413,3;407,6;408,4;400,3;393,6;381,3;383,4;398,3;378,8;360,6;358,4;350,5;329,8;328,9;334,5;306,0;315,3;308,6;310,4;315,5;312,3;298,8;304,4;298,8;294,0;268,3;270,9;261,5;267,6;252,0;261,4;251,2;242,5;235,0;229,7;224,2;229,4;231,9;234,4;226,4;237,2;235,0;233,3;224,6;226,6;221,3;219,4;225,0;225,7;218,5;226,2;218,2;214,3;205,7;200,8;201,0;196,5;195,9;202,6;188,3;184,6;172,0;176,1;175,7;168,6;171,7;158,6;153,5;144,0;136,7;139,6;138,9;134,2;129,0;128,8;124,5;119,0;121,6;120,9;115,0;86,9;87,8;85,8;89,6;83,3;80,2;76,6;76,8;77,4;79,2;67,3;58,1;59,3;58,2;59,7;57,4;51,4;55,3;54,9;53,1;47,8;49,9;49,2;48,7;46,6;47,4;47,5;48,7;43,8;48,6;50,6;39,9;35,7;38,3;36,9;34,6;37,7;41,5;40,4;40,8;37,6;41,4;38,1;38,8;37,9;40,6;36,5;39,6;41,4;40,0;35,9;36,5;34,0;35,4;34,1;35,8;35,8;38,3;31,4;30,0;28,7;27,1;28,6;24,1;26,5;27,8;27,3;27,7;25,0;25,5;24,6;22,9;25,3;19,8;20,9;22,4;22,1;19,6;21,2;24,1;23,3;21,2;20,6;22,9;23,5;19,2;21,7;20,7;18,6;19,7;19,5;17,7;13,2;11,4;14,2;16,3;17,8;20,2;17,3;16,2;17,8;16,1;14,2;13,4;14,2;14,5;14,6;14,7;15,2;13,9;12,7;11,4;14,0;12,7;12,9;11,2;10,3;9,9;12,7;12,6;10,9;9,5;8,8;12,2;14,2;12,7;12,9;16,4;14,5;15,1;14,2;14,9;11,9;14,7;15,1;12,4;13,6;14,1;14,3;11,0;11,9;14,6;17,0;17,9;13,3;14,6;14,2;13,8;11,7;13,2;12,7;13,0;15,3;15,8;15,5;15,8;14,4;17,0;11,0;10,2;9,9;9,3;10,6;11,1;11,1;10,2;8,8;8,7;6,4;5,9
;;;;;;;;;;;;;;;;;;;;;;;;;;;;;;;;;;;;;;;;;;;;;;;;;;;;;;;;;;;;;;;;;;;;;;;;;;;;;;;;;;;;;;;;;;;;;;;;;;;;;;;;;;;;;;;;;;;;;;;;;;;;;;;;;;;;;;;;;;;;;;;;;;;;;;;;;;;;;;;;;;;;;;;;;;;;;;;;;;;;;;;;;;;;;;;;;;;;;;;;;;;;;;;;;;;;;;;;;;;;;;;;;;;;;;;;;;;;;;;;;;;;;;;;;;;;;;;;;;;;;;;;;;;;;;;;;;;;;;;;;;;;;;;;;;;;;;;;;;;;;;;;;;;;;;;;;;;;;;;;;;;;;;;;;;;;;;;;;;;;;;;;;;;;;;;;;;;;;;;;;;;;;;;;;;;;;;;;;;;;;;;;;;;;;;;;;;;;;;;;;;;;;;;;;;;;;;;;;;;;;;;;;;;;;;;;;;;;;;;;;;;;;;;;;;;;;;;;;;;;;;;;;;;;;;;;;;;;;;;;;;;;;;;;;;;;;;;;;;;;;;;;;;;;;;;;;;;;;;;;;;;;;;;;;;;;;;;;;;;;;;;;;;;;;;;;;;;;;;;;;;;;;;;;;;;;;;;;;;;;;;;;;;;;;;;;;;;;;;;;;;;;;;;;;;;;;;;;;;;;;;;;;;;;;;;;;;;;;;;;;;;;;;;;;;;;;;;;;;;;;;;;;;;;;;;;;;;;;;;;;;;;;;;;;;;;;;;;;;;;;;;;;;;;;;;;;;;;;;;;;;;;;;;;;;;;;;;;;;;;;;;;;;;;;;;;;;;;;;;;;;;;;;;;;;;;;;;;;;;;;;;;;;;;;;;;;;;;;;;;;;;;;;;;;;;;;;;;;;;;;;;;;;;;;;;;;;;;;;;;;;;;;;;;;;
;;;;;;;;;;;;;;;;;;;;;;;;;;;;;;;;;;;;;;;;;;;;;;;;;;;;;;;;;;;;;;;;;;;;;;;;;;;;;;;;;;;;;;;;;;;;;;;;;;;;;;;;;;;;;;;;;;;;;;;;;;;;;;;;;;;;;;;;;;;;;;;;;;;;;;;;;;;;;;;;;;;;;;;;;;;;;;;;;;;;;;;;;;;;;;;;;;;;;;;;;;;;;;;;;;;;;;;;;;;;;;;;;;;;;;;;;;;;;;;;;;;;;;;;;;;;;;;;;;;;;;;;;;;;;;;;;;;;;;;;;;;;;;;;;;;;;;;;;;;;;;;;;;;;;;;;;;;;;;;;;;;;;;;;;;;;;;;;;;;;;;;;;;;;;;;;;;;;;;;;;;;;;;;;;;;;;;;;;;;;;;;;;;;;;;;;;;;;;;;;;;;;;;;;;;;;;;;;;;;;;;;;;;;;;;;;;;;;;;;;;;;;;;;;;;;;;;;;;;;;;;;;;;;;;;;;;;;;;;;;;;;;;;;;;;;;;;;;;;;;;;;;;;;;;;;;;;;;;;;;;;;;;;;;;;;;;;;;;;;;;;;;;;;;;;;;;;;;;;;;;;;;;;;;;;;;;;;;;;;;;;;;;;;;;;;;;;;;;;;;;;;;;;;;;;;;;;;;;;;;;;;;;;;;;;;;;;;;;;;;;;;;;;;;;;;;;;;;;;;;;;;;;;;;;;;;;;;;;;;;;;;;;;;;;;;;;;;;;;;;;;;;;;;;;;;;;;;;;;;;;;;;;;;;;;;;;;;;;;;;;;;;;;;;;;;;;;;;;;;;;;;;;;;;;;;;;;;;;;;;;;;;;;;;;;;;;;;;;;;;;;;;;;;;;;;;;;;;;;;;;;;;;;;;;;;;;;;;;;;;;;;;;;;;;;
Notas:;;;;;;;;;;;;;;;;;;;;;;;;;;;;;;;;;;;;;;;;;;;;;;;;;;;;;;;;;;;;;;;;;;;;;;;;;;;;;;;;;;;;;;;;;;;;;;;;;;;;;;;;;;;;;;;;;;;;;;;;;;;;;;;;;;;;;;;;;;;;;;;;;;;;;;;;;;;;;;;;;;;;;;;;;;;;;;;;;;;;;;;;;;;;;;;;;;;;;;;;;;;;;;;;;;;;;;;;;;;;;;;;;;;;;;;;;;;;;;;;;;;;;;;;;;;;;;;;;;;;;;;;;;;;;;;;;;;;;;;;;;;;;;;;;;;;;;;;;;;;;;;;;;;;;;;;;;;;;;;;;;;;;;;;;;;;;;;;;;;;;;;;;;;;;;;;;;;;;;;;;;;;;;;;;;;;;;;;;;;;;;;;;;;;;;;;;;;;;;;;;;;;;;;;;;;;;;;;;;;;;;;;;;;;;;;;;;;;;;;;;;;;;;;;;;;;;;;;;;;;;;;;;;;;;;;;;;;;;;;;;;;;;;;;;;;;;;;;;;;;;;;;;;;;;;;;;;;;;;;;;;;;;;;;;;;;;;;;;;;;;;;;;;;;;;;;;;;;;;;;;;;;;;;;;;;;;;;;;;;;;;;;;;;;;;;;;;;;;;;;;;;;;;;;;;;;;;;;;;;;;;;;;;;;;;;;;;;;;;;;;;;;;;;;;;;;;;;;;;;;;;;;;;;;;;;;;;;;;;;;;;;;;;;;;;;;;;;;;;;;;;;;;;;;;;;;;;;;;;;;;;;;;;;;;;;;;;;;;;;;;;;;;;;;;;;;;;;;;;;;;;;;;;;;;;;;;;;;;;;;;;;;;;;;;;;;;;;;;;;;;;;;;;;;;;;;;;;;;;;;;;;;;;;;;;;;;;;;;;;;;;;;;;;;;;
El empleo público comprende todos los asalariados de Empresas Públicas y de las Administraciones Central y Territoriales, incluidos tanto los trabajadores que cotizan al régimen general de la Seguridad Social como los adscritos a Mutualidades.;;;;;;;;;;;;;;;;;;;;;;;;;;;;;;;;;;;;;;;;;;;;;;;;;;;;;;;;;;;;;;;;;;;;;;;;;;;;;;;;;;;;;;;;;;;;;;;;;;;;;;;;;;;;;;;;;;;;;;;;;;;;;;;;;;;;;;;;;;;;;;;;;;;;;;;;;;;;;;;;;;;;;;;;;;;;;;;;;;;;;;;;;;;;;;;;;;;;;;;;;;;;;;;;;;;;;;;;;;;;;;;;;;;;;;;;;;;;;;;;;;;;;;;;;;;;;;;;;;;;;;;;;;;;;;;;;;;;;;;;;;;;;;;;;;;;;;;;;;;;;;;;;;;;;;;;;;;;;;;;;;;;;;;;;;;;;;;;;;;;;;;;;;;;;;;;;;;;;;;;;;;;;;;;;;;;;;;;;;;;;;;;;;;;;;;;;;;;;;;;;;;;;;;;;;;;;;;;;;;;;;;;;;;;;;;;;;;;;;;;;;;;;;;;;;;;;;;;;;;;;;;;;;;;;;;;;;;;;;;;;;;;;;;;;;;;;;;;;;;;;;;;;;;;;;;;;;;;;;;;;;;;;;;;;;;;;;;;;;;;;;;;;;;;;;;;;;;;;;;;;;;;;;;;;;;;;;;;;;;;;;;;;;;;;;;;;;;;;;;;;;;;;;;;;;;;;;;;;;;;;;;;;;;;;;;;;;;;;;;;;;;;;;;;;;;;;;;;;;;;;;;;;;;;;;;;;;;;;;;;;;;;;;;;;;;;;;;;;;;;;;;;;;;;;;;;;;;;;;;;;;;;;;;;;;;;;;;;;;;;;;;;;;;;;;;;;;;;;;;;;;;;;;;;;;;;;;;;;;;;;;;;;;;;;;;;;;;;;;;;;;;;;;;;;;;;;;;;;;;;;;;;;;;;;;;;;;;;;;;;;;;;;;;;;;
El empleo privado es la diferencia entre el total de ocupados y los asalariados del sector público. Es decir, comprende: asalariados del sector privado, empleadores, trabajadores independientes y empresarios sin asalariados, miembros de cooperativas y otra situación profesional.;;;;;;;;;;;;;;;;;;;;;;;;;;;;;;;;;;;;;;;;;;;;;;;;;;;;;;;;;;;;;;;;;;;;;;;;;;;;;;;;;;;;;;;;;;;;;;;;;;;;;;;;;;;;;;;;;;;;;;;;;;;;;;;;;;;;;;;;;;;;;;;;;;;;;;;;;;;;;;;;;;;;;;;;;;;;;;;;;;;;;;;;;;;;;;;;;;;;;;;;;;;;;;;;;;;;;;;;;;;;;;;;;;;;;;;;;;;;;;;;;;;;;;;;;;;;;;;;;;;;;;;;;;;;;;;;;;;;;;;;;;;;;;;;;;;;;;;;;;;;;;;;;;;;;;;;;;;;;;;;;;;;;;;;;;;;;;;;;;;;;;;;;;;;;;;;;;;;;;;;;;;;;;;;;;;;;;;;;;;;;;;;;;;;;;;;;;;;;;;;;;;;;;;;;;;;;;;;;;;;;;;;;;;;;;;;;;;;;;;;;;;;;;;;;;;;;;;;;;;;;;;;;;;;;;;;;;;;;;;;;;;;;;;;;;;;;;;;;;;;;;;;;;;;;;;;;;;;;;;;;;;;;;;;;;;;;;;;;;;;;;;;;;;;;;;;;;;;;;;;;;;;;;;;;;;;;;;;;;;;;;;;;;;;;;;;;;;;;;;;;;;;;;;;;;;;;;;;;;;;;;;;;;;;;;;;;;;;;;;;;;;;;;;;;;;;;;;;;;;;;;;;;;;;;;;;;;;;;;;;;;;;;;;;;;;;;;;;;;;;;;;;;;;;;;;;;;;;;;;;;;;;;;;;;;;;;;;;;;;;;;;;;;;;;;;;;;;;;;;;;;;;;;;;;;;;;;;;;;;;;;;;;;;;;;;;;;;;;;;;;;;;;;;;;;;;;;;;;;;;;;;;;;;;;;;;;;;;;;;;;;;;;;;;;;
"En el primer trimestre de 2020, como consecuencia de la declaración del estado de alarma (Reales Decretos 463/2020 y 487/2020) motivado por la pandemia del COVID-19, el tamaño muestral de las primeras entrevistas de EPA en las semanas 11 a 13 ha sido inferior al de otros trimestres, por lo que los coeficientes de variación de las estimaciones más desagregadas pueden ser superiores a lo habitual.  Se recomienda consultar las tablas de INEbase relativas a dichos <a href=""https://ine.es/dynt3/inebase/es/index.htm?padre=979&capsel=1002"">coeficientes de variación.</a>";;;;;;;;;;;;;;;;;;;;;;;;;;;;;;;;;;;;;;;;;;;;;;;;;;;;;;;;;;;;;;;;;;;;;;;;;;;;;;;;;;;;;;;;;;;;;;;;;;;;;;;;;;;;;;;;;;;;;;;;;;;;;;;;;;;;;;;;;;;;;;;;;;;;;;;;;;;;;;;;;;;;;;;;;;;;;;;;;;;;;;;;;;;;;;;;;;;;;;;;;;;;;;;;;;;;;;;;;;;;;;;;;;;;;;;;;;;;;;;;;;;;;;;;;;;;;;;;;;;;;;;;;;;;;;;;;;;;;;;;;;;;;;;;;;;;;;;;;;;;;;;;;;;;;;;;;;;;;;;;;;;;;;;;;;;;;;;;;;;;;;;;;;;;;;;;;;;;;;;;;;;;;;;;;;;;;;;;;;;;;;;;;;;;;;;;;;;;;;;;;;;;;;;;;;;;;;;;;;;;;;;;;;;;;;;;;;;;;;;;;;;;;;;;;;;;;;;;;;;;;;;;;;;;;;;;;;;;;;;;;;;;;;;;;;;;;;;;;;;;;;;;;;;;;;;;;;;;;;;;;;;;;;;;;;;;;;;;;;;;;;;;;;;;;;;;;;;;;;;;;;;;;;;;;;;;;;;;;;;;;;;;;;;;;;;;;;;;;;;;;;;;;;;;;;;;;;;;;;;;;;;;;;;;;;;;;;;;;;;;;;;;;;;;;;;;;;;;;;;;;;;;;;;;;;;;;;;;;;;;;;;;;;;;;;;;;;;;;;;;;;;;;;;;;;;;;;;;;;;;;;;;;;;;;;;;;;;;;;;;;;;;;;;;;;;;;;;;;;;;;;;;;;;;;;;;;;;;;;;;;;;;;;;;;;;;;;;;;;;;;;;;;;;;;;;;;;;;;;;;;;;;;;;;;;;;;;;;;;;;;;;;;;;;;;
;;;;;;;;;;;;;;;;;;;;;;;;;;;;;;;;;;;;;;;;;;;;;;;;;;;;;;;;;;;;;;;;;;;;;;;;;;;;;;;;;;;;;;;;;;;;;;;;;;;;;;;;;;;;;;;;;;;;;;;;;;;;;;;;;;;;;;;;;;;;;;;;;;;;;;;;;;;;;;;;;;;;;;;;;;;;;;;;;;;;;;;;;;;;;;;;;;;;;;;;;;;;;;;;;;;;;;;;;;;;;;;;;;;;;;;;;;;;;;;;;;;;;;;;;;;;;;;;;;;;;;;;;;;;;;;;;;;;;;;;;;;;;;;;;;;;;;;;;;;;;;;;;;;;;;;;;;;;;;;;;;;;;;;;;;;;;;;;;;;;;;;;;;;;;;;;;;;;;;;;;;;;;;;;;;;;;;;;;;;;;;;;;;;;;;;;;;;;;;;;;;;;;;;;;;;;;;;;;;;;;;;;;;;;;;;;;;;;;;;;;;;;;;;;;;;;;;;;;;;;;;;;;;;;;;;;;;;;;;;;;;;;;;;;;;;;;;;;;;;;;;;;;;;;;;;;;;;;;;;;;;;;;;;;;;;;;;;;;;;;;;;;;;;;;;;;;;;;;;;;;;;;;;;;;;;;;;;;;;;;;;;;;;;;;;;;;;;;;;;;;;;;;;;;;;;;;;;;;;;;;;;;;;;;;;;;;;;;;;;;;;;;;;;;;;;;;;;;;;;;;;;;;;;;;;;;;;;;;;;;;;;;;;;;;;;;;;;;;;;;;;;;;;;;;;;;;;;;;;;;;;;;;;;;;;;;;;;;;;;;;;;;;;;;;;;;;;;;;;;;;;;;;;;;;;;;;;;;;;;;;;;;;;;;;;;;;;;;;;;;;;;;;;;;;;;;;;;;;;;;;;;;;;;;;;;;;;;;;;;;;;;;;;;;;;
Fuente: ;;;;;;;;;;;;;;;;;;;;;;;;;;;;;;;;;;;;;;;;;;;;;;;;;;;;;;;;;;;;;;;;;;;;;;;;;;;;;;;;;;;;;;;;;;;;;;;;;;;;;;;;;;;;;;;;;;;;;;;;;;;;;;;;;;;;;;;;;;;;;;;;;;;;;;;;;;;;;;;;;;;;;;;;;;;;;;;;;;;;;;;;;;;;;;;;;;;;;;;;;;;;;;;;;;;;;;;;;;;;;;;;;;;;;;;;;;;;;;;;;;;;;;;;;;;;;;;;;;;;;;;;;;;;;;;;;;;;;;;;;;;;;;;;;;;;;;;;;;;;;;;;;;;;;;;;;;;;;;;;;;;;;;;;;;;;;;;;;;;;;;;;;;;;;;;;;;;;;;;;;;;;;;;;;;;;;;;;;;;;;;;;;;;;;;;;;;;;;;;;;;;;;;;;;;;;;;;;;;;;;;;;;;;;;;;;;;;;;;;;;;;;;;;;;;;;;;;;;;;;;;;;;;;;;;;;;;;;;;;;;;;;;;;;;;;;;;;;;;;;;;;;;;;;;;;;;;;;;;;;;;;;;;;;;;;;;;;;;;;;;;;;;;;;;;;;;;;;;;;;;;;;;;;;;;;;;;;;;;;;;;;;;;;;;;;;;;;;;;;;;;;;;;;;;;;;;;;;;;;;;;;;;;;;;;;;;;;;;;;;;;;;;;;;;;;;;;;;;;;;;;;;;;;;;;;;;;;;;;;;;;;;;;;;;;;;;;;;;;;;;;;;;;;;;;;;;;;;;;;;;;;;;;;;;;;;;;;;;;;;;;;;;;;;;;;;;;;;;;;;;;;;;;;;;;;;;;;;;;;;;;;;;;;;;;;;;;;;;;;;;;;;;;;;;;;;;;;;;;;;;;;;;;;;;;;;;;;;;;;;;;;;;;;;;;
;;;;;;;;;;;;;;;;;;;;;;;;;;;;;;;;;;;;;;;;;;;;;;;;;;;;;;;;;;;;;;;;;;;;;;;;;;;;;;;;;;;;;;;;;;;;;;;;;;;;;;;;;;;;;;;;;;;;;;;;;;;;;;;;;;;;;;;;;;;;;;;;;;;;;;;;;;;;;;;;;;;;;;;;;;;;;;;;;;;;;;;;;;;;;;;;;;;;;;;;;;;;;;;;;;;;;;;;;;;;;;;;;;;;;;;;;;;;;;;;;;;;;;;;;;;;;;;;;;;;;;;;;;;;;;;;;;;;;;;;;;;;;;;;;;;;;;;;;;;;;;;;;;;;;;;;;;;;;;;;;;;;;;;;;;;;;;;;;;;;;;;;;;;;;;;;;;;;;;;;;;;;;;;;;;;;;;;;;;;;;;;;;;;;;;;;;;;;;;;;;;;;;;;;;;;;;;;;;;;;;;;;;;;;;;;;;;;;;;;;;;;;;;;;;;;;;;;;;;;;;;;;;;;;;;;;;;;;;;;;;;;;;;;;;;;;;;;;;;;;;;;;;;;;;;;;;;;;;;;;;;;;;;;;;;;;;;;;;;;;;;;;;;;;;;;;;;;;;;;;;;;;;;;;;;;;;;;;;;;;;;;;;;;;;;;;;;;;;;;;;;;;;;;;;;;;;;;;;;;;;;;;;;;;;;;;;;;;;;;;;;;;;;;;;;;;;;;;;;;;;;;;;;;;;;;;;;;;;;;;;;;;;;;;;;;;;;;;;;;;;;;;;;;;;;;;;;;;;;;;;;;;;;;;;;;;;;;;;;;;;;;;;;;;;;;;;;;;;;;;;;;;;;;;;;;;;;;;;;;;;;;;;;;;;;;;;;;;;;;;;;;;;;;;;;;;;;;;;;;;;;;;;;;;;;;;;;;;;;;;;;;;;;;;;;